source,source_organizer_id,display_name,description,logo_url,status
eventbrite,association-of-consulting-engineering-companies-bc-30290427076,Association of Consulting Engineering Companies BC,"Since 1976, the Association of Consulting Engineering Companies British Columbia (ACEC-BC) has been the voice of consulting engineering companies in BC. Our mandate is advancing the business interests of consulting engineering firms in BC by advocating for fair business practices and building awareness of the industry’s contributions to society and innovative technical expertise.",,pending
eventbrite,toronto-society-of-architects-159299344,Toronto Society of Architects,"Established in 1887, the Toronto Society of Architects (TSA) is a non-profit volunteer-led organization dedicated to bringing people together to discuss, learn and explore around our shared passion for the built environment. We are committed to the betterment of our city and have played an important advocacy role throughout Toronto’s history. We do this through a wide range of programs which foster welcoming and inclusive forums for debate and the exchange of ideas, stimulating critical thinking about the design and building issues of our time.",,pending
eventbrite,early-years-alliance-9569179627,Early Years Alliance,"The Early Years Alliance (formerly the Pre-school Learning Alliance) is the largest and most representative early years membership organisation in England. It provides high quality affordable childcare and education to support children and families in areas of deprivation.An educational charity, the Alliance represents the interests of over 14,000 settings who deliver care and learning to over 800,000 families annually.",,pending
eventbrite,the-chartered-institute-of-building-ciob-39970477403,The Chartered Institute of Building (CIOB),"We are the world's largest and most influential professional body for construction management and leadership. We have a Royal Charter to promote the science and practice of building and construction for the benefit of society, and we’ve been doing that since 1834.",,pending
eventbrite,harvard-business-review-press-2306625137,Harvard Business Review Press,,,pending
eventbrite,maria-fuentes-performance-strategist-108551259781,Maria Fuentes - Performance Strategist,,,pending
eventbrite,chartered-management-institute-26822400643,Chartered Management Institute,,,pending
eventbrite,the-chartered-institute-of-arbitrators-13468244354,The Chartered Institute of Arbitrators,"Ciarb is an international centre of excellence for the practice and profession of alternative dispute resolution (ADR).Our growing membership of over 17,000 is based across 149 countries and supported by an international network of 42 branches.Ciarb provides education and training for arbitrators, mediators and adjudicators.It also acts as a global hub for practitioners, policy makers, academics and those in business, supporting the global promotion, facilitation and development of all ADR methods.Ciarb offers a range of resources including guidance, support, advice, networking and promotional opportunities, as well as facilities for hearings, meetings and other events.It is a not-for-profit, UK registered charity.",,pending
eventbrite,landscape-institute-337604806,Landscape Institute,"The Landscape Institute (LI) is the chartered body for the landscape professions.With over 5600 members and 500 Registered Practices, operating in over 40 countries, we provide a professional home for all landscape practitioners including landscape scientists, landscape planners, landscape architects, landscape managers and urban designers.The LI’s aim, through the work of its members is to protect, conserve and enhance the natural and built environment for the public benefit.",,pending
eventbrite,the-writers-union-of-canada-29608882427,The Writers' Union of Canada,"The Writers’ Union of Canada (TWUC) is the national organization of professionally published writers. TWUC was founded in 1973 to work with governments, publishers, booksellers, and readers to improve the conditions of Canadian writers. Now over 2,800 members strong, TWUC advocates on behalf of writers’ collective interests, and delivers value to members through advocacy, community, and information. TWUC believes in a thriving, diverse Canadian culture that values and supports writers.",,pending
eventbrite,chicago-association-of-realtors-10604535740,Chicago Association of REALTORS®,"The Chicago Association of REALTORS® (C.A.R.), the “Voice for Real Estate” in Chicago since 1883, represents over 13,500 members from all real estate specialties including commercial sales, development, property management, appraisal, auctions, and residential sales.",,pending
eventbrite,fabulous-coaching-training-and-productions-llc-102689573201,"Fabulous Coaching, Training, and Productions, LLC",,,pending
eventbrite,euro-banking-association-13847307350,Euro Banking Association,"The Euro Banking Association (EBA) is a practitioners’ body for banks and other service providers supporting a pan-European vision for payments. The mission of the EBA is to foster dialogue and experience exchange amongst payments industry practitioners towards a pan-European vision for payments. We pursue our mission through involving member organisations and relevant stakeholders in thought leadership on innovation, helping our members to understand and implement regulation and by supporting the development of market practices.The EBA has more than 160 members from the European Union and across the world.",,pending
eventbrite,change-the-conversation-119818482081,Change the Conversation,,,pending
eventbrite,harvard-business-review-50013368963,Harvard Business Review,"Harvard Business Review is the leading destination for smart management thinking. Through our flagship magazine, books, digital content, and tools published on HBR.org, Harvard Business Review aims to provide professionals around the world with rigorous insights and best practices to help lead themselves and their organizations more effectively and to make a positive impact.",,pending
eventbrite,alberts-job-listings-and-referrals-3086581882,Albert's Job Listings and Referrals,,,pending
eventbrite,the-key-community-19691613110,The KEY Community,,,pending
eventbrite,the-indesign-user-group-8293622797,The InDesign User Group,"The InDesign User Group is where folks who use InDesign hang out with other folks who use InDesign. We provide an authentic user-to-user experience where individuals who speak the language of page layout and digital publishing get together to let their pixels down.Major sponsors of IDUG include Adobe Systems and CreativePro Network, however, IDUG is an independent organization managed by local volunteers. IDUG is a registered 501(c)(3) not-for-profit organization financed through the sale of event tickets, the purchase of branded items and  tax-deductible contributions. All regular IDUG meetings and events are free to the public.Privacy PolicyYour registration constitutes permission to use photos and audio/video recordings taken of you at the event or program for promotional and educational purposes in connection with IDUG programs and activities and on IDUG website and  social media sites.",,pending
eventbrite,silicon-networks-61520972233,Silicon Networks,C﻿heck our training catalogue at www.siliconnetworks.us,,pending
eventbrite,beetz-entertainment-32054267129,Beetz Entertainment,,,pending
eventbrite,ukrainian-institute-london-16833338268,Ukrainian Institute London,"The Ukrainian Institute London is a UK charity that provides information and broadens knowledge in the UK about Ukraine and Ukrainians, in the realms of arts, language, literature, history, religion, culture and heritage, traditions and current affairs.  The Institute is an affiliate of theUkrainian Catholic University,",,pending
eventbrite,jonathan-delbridge-music-121378272717,Jonathan Delbridge Music,,,pending
eventbrite,ccrma-summer-workshops-33124778619,CCRMA Summer Workshops,"The Stanford Center for Computer Research in Music and Acoustics (CCRMA) is a multi-disciplinary facility where composers and researchers work together using computer-based technology both as an artistic medium and as a research tool.Pronouncing ""CCRMA"": CCRMA is an acronym for the Center for Computer Research in Music and Acoustics it is pronounced ""karma"" (the first ""c"" is silent).Areas of ongoing interest:CompositionApplications HardwareApplications SoftwareSynthesis Techniques and AlgorithmsPhysical ModelingP﻿hysical Interaction Design for MusicMusic and Mobile DevicesSensorsReal-Time ControllersSignal ProcessingDigital Recording and EditingPsychoacoustics and Musical AcousticsPerceptual Audio CodingMusic Information RetrievalAudio NetworkingAuditory Display of Multidimensional Data (Data Sonification)Real-Time Applications.The CCRMA community:Administrative and technical staff, faculty, research associates, graduate research assistants, graduate and undergraduate students, visiting scholars, visiting researchers and composers, and industrial associates. Departments actively represented at CCRMA include Music, Electrical Engineering, Mechanical Engineering, Computer Science, Physics, Art, Drama, and Psychology.Center activities:Academic courses, seminars, small interest group meetings, summer workshops and colloquia. Concerts of computer music are presented several times each year, including exchange concerts with area computer music centers. In-house technical reports and recordings are available, and public demonstrations of ongoing work at CCRMA are held periodically.Research results:Are published and presented at professional meetings, international conferences and in established journals including the Computer Music Journal, Journal of the Audio Engineering Society, the Journal of the Acoustical Society of America, and various transactions of the Institute of Electrical and Electronic Engineers (IEEE). Compositions are presented in new music festivals and radio broadcasts throughout the world and have been recorded on cassette, LP, compact disc, and in the cloud.",,pending
eventbrite,jess-garland-18001117902,Jess Garland,,,pending
eventbrite,clint-lowery-118380929161,Clint Lowery,,,pending
eventbrite,mindtravel-8012446243,MindTravel,"MindTravelis an immersive musical experience that takes place in iconic theaters and beautiful outdoor spaces. In his live performances, composer and pianist Murray Hidary transports audiences on a journey that is at once expansive and transformative. His improvisational piano meditations, inspired by mystical traditions and theoretical physics, will leave you in a state of harmony and clarity, with the rhythm to carry it forward into your life.""MindTravelis an experience like no other. Imagine a concert pianist improvising beautiful, peaceful music with imagery in the background that matches the beauty of the music — combined, it is almost meditative or trancelike.""- Jason Wachob, Founder of mindbodygreen",,pending
eventbrite,future-fluency-ai-121394518648,Future Fluency AI,,,pending
eventbrite,eli-conley-49215109993,Eli Conley,,,pending
eventbrite,christine-stevens-msw-mt-bc-founder-upbeat-drum-circles-12633601467,"Christine Stevens, MSW, MT-BC, Founder, UpBeat Drum Circles",,,pending
eventbrite,miranda-rondeau-1505646260,Miranda Rondeau,,,pending
eventbrite,storytime-records-54037784043,StoryTime Records,,,pending
eventbrite,songs-by-faith-121058606609,Songs by Faith,,,pending
eventbrite,new-york-adventure-club-6201076797,New York Adventure Club,"NEW YORK ADVENTURE CLUB | Unlock Your CityWe give you insider access to the city’s best-kept secrets. But we’re so much more than a tour company.WHO WE AREWe are a community-driven club that curates the most unique experiences in town, with a focus on history and storytelling. We show you a city you never knew existed, and offer a community you can’t live without.You won’t find our special-access tours and exclusive events anywhere else. Think after-hours tours of New York City’s most celebrated spaces, themed parties in unexpected locations, and weekend excursions to incredible destinations. All of our events end with social hangouts so you can meet people who love exploring as much as you do.THE ‘CLUB’ IN NEW YORK ADVENTURE CLUBOur current community is more than 50,000 members strong and includes everyone from recent NYC transplants to lifelong residents. Whatever borough you’re from (or city or country, for that matter), we’ll make it easy for you to take full advantage of the unique places and great people this city has to offer.Subscribe with our newsletterto get the inside scoop on the city’s most interesting events.Visit our websiteto see our full line-up of fun experiences.""Don't be boring, go do something""New York Adventure Club",,pending
eventbrite,sanna-van-vliet-47156973183,Sanna van Vliet,,,pending
eventbrite,marc-van-mourik-121280254358,Marc van Mourik,,,pending
eventbrite,electus-academy-79672831993,Electus Academy,,,pending
eventbrite,swrls-31318597237,SWRLS,,,pending
eventbrite,future-artists-82342469553,Future Artists,"Welcome to the world of Future Artists… our motto is ‘Without deviation from the norm, progress is not possible’ Frank Zappa…Who are Future Artists?Founded in 2009 as an arts collective and co-op, Future Artists has grown, adapted and flourished to become a leading production company for Film, Theatre and Events in the UK.",,pending
eventbrite,creswell-crags-27033898839,Creswell Crags,"Award-winning museum, stunning limestone gorge. Home to the only Ice Age rock art in Britain, Ice Age artefacts, and the world-famous Witch Marks. Creswell Crags is one of the most important and protected sites in the UK it is a Scheduled Ancient Monument and Site of Special Scientific Interest.",,pending
eventbrite,the-biological-recording-company-35982868173,The Biological Recording Company,"T﻿he Biological Recording Company provide a range of events focused on educating and training biological recorders and biodiversity professionals in the United Kingdom.entoLIVE Webinarsare free 1-hour virtual events exploring the science of insects and other invertebrates. Each webinar will feature an invertebrate scientist and are suitable for adults of all abilities – a passion for invertebrates is all that’s required!V﻿irtual Symposiumsexplore a subject in more detail through a series of talks from subject experts. These longer events have a small charge and are often available with an 'earlybird' discount.F﻿ield Recorder Daysare 1-day events where experienced and novice recorders come together to record the wildlife of a site. Records are generally collated through iRecord and shared with the site manager, Local Environmental Record Centre and relevant National Recording Schemes/Societies.E﻿arthworm Training Coursescover topics such as biology, ecology, sampling techniques and identification.",,pending
eventbrite,the-british-science-association-12741182298,The British Science Association,"The British Science Association (BSA) is a charity, founded in 1831 and incorporated by Royal Charter. Our vision is of a world where science is at the heart of culture and society. Our mission is to transform the diversity and inclusivity of science; to reach under-served audiences; and increase the number of people who are actively engaged and involved in science. By unlocking the potential of a more diverse group of people, we increase our ability to tackle some of the world’s biggest challenges and shape our future for the better.We organise major initiatives across the UK, including British Science Week; the British Science Festival; regional and local events through our network of Branches; the CREST Awards, and other programmes for young people in schools and colleges. We run specific activities and training for professional science communicators; we undertake research and policy work; and we seek to influence and collaborate with stakeholders including policy makers and opinion formers, leaders from across different sectors of business, industry and public life.",,pending
eventbrite,seed-talks-36463428713,Seed Talks,Learn something new. Plant an idea. Watch it grow.,,pending
eventbrite,jabi-sv-japan-america-business-initiatives-silicon-valley-2144443759,JABI-SV (Japan America Business Initiatives - Silicon Valley),,,pending
eventbrite,vermont-land-trust-120699338212,Vermont Land Trust,,,pending
eventbrite,five-5-meo-dmt-information-vital-education-55714428973,F.I.V.E. 5-MeO-DMT Information & Vital Education,,,pending
eventbrite,usgbc-ca-26665290517,USGBC-CA,"USGBC-CA is about peopleWe’re a member-based, non-profit organization representing green building and sustainability professionals in California. We are passionate, practical, and informed advocates who work together to transform California’s built environment into a more sustainable, resilient, and equitable region for all.Join our diverse community of developers, builders, owners, facility managers, architects, engineers, planners, technologists, green financiers, students of sustainability, green building experts, and advocates! With over 100 annual events, 13 training categories, and 14 programs, you’ve found your home for accelerating sustainability in California.Click here to support our small non-profit!Want to stay in the know?Click here to be sure you'll never miss an upcoming event from USGBC-CA!",,pending
eventbrite,soil-and-water-conservation-society-40366419733,Soil and Water Conservation Society,,,pending
eventbrite,internet-archive-8505470422,Internet Archive,"The Internet Archive is a 501(c)(3) non-profit that was founded to build an Internet library. Its purposes include offering permanent access for researchers, historians, scholars, people with disabilities, and the general public to historical collections that exist in digital format.",,pending
eventbrite,idea-to-ipo-2319663773,Idea to IPO,"Entrepreneurship permeates the culture of the Digital Age.The advent of the Digital Age has democratized innovation and entrepreneurship.Never before has it been more possible for anyone from anywhere,  with  a great idea and a burning desire to succeed,  to make it big, and,  in the process, change the world in a relatively short period of time.HP, Intel, Apple, Microsoft, Cisco, Oracle, Yahoo,  eBay, Amazon, Google, Facebook and many, many, many other iconic companies all started with just an idea.Taking a startup from idea to IPO has taken on mythical proportions in Silicon Valley and beyond.  Many dream the dream, with hopes of launching the ""next big thing"".We are a community of entrepreneurs, technologists, academics, financial professionals, corporate executives, attorneys, academics, bloggers, writers, content creators, and social activists.One of the compelling features of our meetup group is our packed,  busy calendar full of  informative programs and practical activities designed to help our entrepreneurial members achieve their objectives and realize their aspirations.  Taking advantage of  this vast array of relevant content will make you a better entrepreneur.We believe in working together.  We share resources, exchange ideas, and actively network with each other.  We  participate  in  on-line  as well as  off-line events.Our events feature expert speakers, networking opportunities, collaboration, community, and fellowship.Most of our events are free and open to all.",,pending
eventbrite,fintrac-canafe-supervision-surveillance-115629231171,FINTRAC-CANAFE / Supervision-Surveillance,,,pending
eventbrite,centre-for-eresearch-75893560993,Centre for eResearch,The Centre for eResearch (CeR) is a research platform hosted by the Faculty of Science to provide services to researchers across the University of Auckland community.,,pending
eventbrite,art-to-go-go-81205838443,Art to Go-Go,,,pending
eventbrite,goodprojects-52456542293,GOODProjects,"GOODProjects was founded on the commitment of three young Black men in their senior year of college to empower families in their hometown of Washington, D.C. to live fulfilling lives free from the effects of poverty. Since then, GOODProjects has invested millions of dollars and helped thousands of families develop the growth mindsets to thrive in their own communities. Although GOODProjects has become one of the largest family services providers in the District, the very first program in 2016 was a small self-funded football camp at Anacostia High School to combat gun violence.",,pending
eventbrite,shop-made-in-dc-15601914220,Shop Made in DC,M﻿ISSION DRIVEN RETAIL W/ DIY PROGRAMMING.,,pending
eventbrite,national-portrait-gallery-810710525,National Portrait Gallery,,,pending
eventbrite,hookie-life-entertainment-27821892451,Hookie Life Entertainment,,,pending
eventbrite,social-architects-terry-frasier-1124509851,SOCIAL ARCHITECTS - TERRY FRASIER,,,pending
eventbrite,employ-prince-georges-34148335713,Employ Prince George's,,,pending
eventbrite,brewing-beats-entertainments-66674909003,Brewing Beats Entertainments,,,pending
eventbrite,executive-office-of-the-mayor-29724377271,Executive Office of the Mayor,,,pending
eventbrite,them2us-49738921183,Them2Us,,,pending
eventbrite,washington-dc-alumnae-chapter-delta-sigma-theta-3582536431,"Washington DC Alumnae Chapter, Delta Sigma Theta","Since its founding in 1913 Delta Sigma Theta has clearly distinguished itself as a public service organization that boldly confronts the challenges of African Americans and, hence, all Americans. Over the years, a wide range of programs addressing education, health, international development, and strengthening of the African American family have evolved. In realizing its mission, Delta Sigma Theta provides an extensive array of public service initiatives through its Five-Point Program Thrust of Economic Development, Educational Development, International Awareness and Involvement, Physical and Mental Health, and Political Awareness and Involvement.Since its chartering in February 1921, the Washington DC Alumnae Chapter (WDCAC) of Delta Sigma Theta Sorority, Inc., has mirrored its programs of community service in the distinguished image of its National organization, which in dramatic fashion, clearly confronts the challenges of African-Americans and their families. For more than 100 years, WDCAC has worked tirelessly to develop and implement a wide range of empowering programs and initiatives that emulate its shared mission with that of Delta Sigma Theta Sorority, Inc.",,pending
eventbrite,embassyexperiencescom-9379346029,EmbassyExperiences.com,A site dedicated to introducing culture to the young professionals of the greater D.C. Region.,,pending
eventbrite,dc-department-of-insurance-securities-and-banking-54682324463,"DC Department of Insurance, Securities and Banking",,,pending
eventbrite,grounded-44521321873,Grounded,,,pending
eventbrite,smithsonians-anacostia-community-museum-34014018025,Smithsonian's Anacostia Community Museum,"The Smithsonian's Anacostia Community Museum documents and preserves communities’ memories, struggles, and successes, and offers a platform where diverse voices and cultures can be heard.",,pending
eventbrite,green-drinks-dc-4854453963,Green Drinks DC,"Green Drinks DC is a monthly social series for environmentally-minded professionals, students, and enthusiasts in the nation’s capital.We have a lively mixture of people from NGOs, academia, government and business. So come along and you’ll be made welcome. It’s a great way of catching up with people you know, making new contacts, and building a network. Bring your friends and tell your network: Green Drinks DC’s events are never something you want to miss!Our goal is to keep these events simple and fun, and we a thrilled that people have found employment, made friends, developed new ideas, done deals, and had moments of serendipity while spending time with Green Drinks DC.Cheers!The Green Drinks DC Committee",,pending
eventbrite,sycamore-oak-67158853063,Sycamore & Oak,,,pending
eventbrite,ryan-white-12193445795,RYAN WHITE,A1 EVENTS,,pending
eventbrite,american-freedom-initiative-105362000151,American Freedom Initiative,,,pending
eventbrite,trell-maurice-dilly-dally-university-120832374996,Trell Maurice & Dilly Dally University,,,pending
eventbrite,dc-black-mba-association-30183360822,DC Black MBA Association,,,pending
eventbrite,korean-cultural-center-washington-dc-30268623512,"Korean Cultural Center Washington, D.C.","The KCCDC celebrates and shares all things Korea. As a branch of the embassy, we host free public events, partner with artists and institutions,  and are active in our community to promote Korean arts and culture.  We bring people together in a spirit of joy and understanding. We create, educate, celebrate, and illuminate.",,pending
eventbrite,loadingproductions-114488984931,Loading...Productions,,,pending
eventbrite,mission-economic-development-agency-30353727096,MISSION ECONOMIC DEVELOPMENT AGENCY,"E﻿stablished in 1973, the Mission Economic Development Agency (MEDA) is advancing prosperity, community ownership, and civic power in San Francisco’s Mission District. Through audacious innovation, strategic collaborations, and results-accountability, MEDA serves over 17,000 clients per year, equipping families with the tools to build a thriving, prosperous future.",,pending
eventbrite,nellies-sports-bar-7759874531,Nellie's Sports Bar,"Join Us for Washington DC's #1 Drag Brunch Every Saturday and Sunday at 11am and 1pm!Come get served like a queen, by a queen! Join Sapphire Blue and her team of amazing drag performers from all over the DMV! You will also enjoy a wonderful All-You-Can-Eat Brunch Buffet featuring items such as: Pork Ribs, Cheesy Grits, Scrambled Eggs, Bacon, Mini Empanadas, Pastas, Steamed Vegetables, Salads, Homemade Soup, Fresh Seasonal Fruit, Homemade Desserts and much more. Your first Mimosa or Bloody Mary is FREE!",,pending
eventbrite,beau-eckstein-25744308457,Beau Eckstein,"W﻿e conduct a variety of events, both Meetings and Webinars, on Zoom to help budding entrepreneurs and business people to build or buy their next business.",,pending
eventbrite,castas-rum-bar-38541896853,Casta's Rum Bar,"As soon as you walk into Casta's, you get the feeling you've been transported to Cuba. Spanish mosaic tiles break up the walls and floor. Stained glass, a prevalent design element across Cuba, was used to manufacture opalescent orbs glowing above the outdoor bar. With over 100 different types of rum, Casta's is not just a place to drink but also weaves in a substantial menu of authentic dishes & cigars from their Cuban-born partner, Arian Castanada.",,pending
eventbrite,ray-orquiola-119012892151,Ray Orquiola,,,pending
eventbrite,dspra-snds-8055093700,DSPRA SNDS,,,pending
eventbrite,career-fair-connection-25052159091,Career Fair Connection,,,pending
eventbrite,dc-carnival-experience-27439975617,DC Carnival Experience,,,pending
eventbrite,national-museum-of-african-art-7899194995,National Museum of African Art,,,pending
eventbrite,sundresses-and-mimosas-46735936413,Sundresses and Mimosas,Brunch and Day partyHookah | Food | Drinks | Bottle Service and much morecheck us out for all of our events,,pending
eventbrite,jicc-embassy-of-japan-10807307274,"JICC, Embassy of Japan","The Japan Information & Culture Center (JICC) is a part of thePublic Affairs Section of the Embassy of Japan in Washington D.C. The JICC's goal is to promote better understanding of Japan and Japanese culture by providing a wide range of information andeventsto the American public.We are located on the ground floor of 1150 18th St. in downtown Washington, D.C. Visitors to our center will enjoy the modern Japanese ambiance and the many events held in our facilities, which include a 130-seat auditorium.",,pending
eventbrite,silicon-valley-product-group-577938447,Silicon Valley Product Group,"The Silicon Valley Product Group (SVPG)was created to share our senior level experience and knowledge of best practices with our clients. Our partners are all industry veterans, who have each held executive level positions at major Silicon Valley firms where they have been instrumental in the development of leading products. We are not career consultants; we started SVPG to share what we’ve learned.",,pending
eventbrite,xavier-entertainment-llc-31025099031,XAVIER ENTERTAINMENT LLC,,,pending
eventbrite,the-inner-loop-7385467903,The Inner Loop,"The Inner Loop is a literary community open to writers of all levels in and around Washington, DC. We turn the solitary act of writing into a shared experience by offering free programming for writers of poetry, fiction, and non-fiction. Join us for one of our lively monthly reading series events, tune into our podcast, or sign up for one of our writer’s retreats.",,pending
eventbrite,twinspeak-ent-11087349946,TwinSpeak Ent.,"240.988.8395 | 240.6030948  - Providing Events, Promotions, Entertainment and Services to the General Public - Follow",,pending
eventbrite,march-ontm-84407997743,March On!™,Website: https://marchonfest.org/organizer/march-on/,,pending
eventbrite,mixtape-sapphics-110074518471,Mixtape Sapphics,,,pending
eventbrite,prisma-health-12734208823,Prisma Health,,,pending
eventbrite,waternow-8642250225,WaterNow,,,pending
eventbrite,are-n-bee-llc-8154801805,ARE N BEE LLC,"ARE N BEE is Miami’s #1 All R&B Party, hosting curated R&B nights in Miami and select cities nationwide.",,pending
eventbrite,villa-albertine-washington-dc-45418629363,Villa Albertine Washington DC,,,pending
eventbrite,snakes-lattes-45338834683,Snakes & Lattes,"At Snakes & Lattes, we create unforgettable events that combine the thrill of gaming with great food, drinks, and lively entertainment. From themed trivia nights and to game designer nights, puzzle competitions, drag bingo brunches, sip & paint sessions, and seasonal celebrations, there's always something exciting happening. Our events are designed to bring people together for fun and memorable experiences in a welcoming atmosphere. Whether you're a regular gamer or just looking for a unique night out, we've got something for everyone!",,pending
eventbrite,watson-institute-12062772440,Watson Institute,"Watson Institute is a place where next generation entrepreneurial leaders can find their community, discover their calling, and accelerate their careers. We provide the tools, network, mindset, and courage for the next generation to solve the toughest challenges facing the world, launch successful careers, and lead impactful lives.Watson Institute has locations in Boulder, Colorado, at Lynn University in Boca Raton, Florida, and at Universidad Francisco Marroquín (UFM) in Guatemala City, Guatemala.",,pending
eventbrite,peoplegrove-48826256943,PeopleGrove,,,pending
eventbrite,construction-industry-service-corporation-48773600913,Construction Industry Service Corporation,,,pending
eventbrite,cne-presents-32948164917,CNE Presents,,,pending
eventbrite,afro-fusion-3341634842,AFRO FUSION,,,pending
eventbrite,big-stage-global-35505922763,Big Stage Global,,,pending
eventbrite,gregandcin-109689925031,gregandcin,,,pending
eventbrite,call-response-books-83869474283,Call & Response Books,,,pending
eventbrite,hot-potato-hearts-40375472663,Hot Potato Hearts,"Hot Potato Hearts is a platform created to help people build meaningful connections in a low-pressure, casual safe space. Our goal is to create a welcoming, fun, inclusive, and relaxed environment for cultivating relationships—whether romantic or platonic. At Hot Potato Hearts, we welcome everyone: all genders, all sexualities, all relationship statuses. We don’t pair people based on gender identity or orientation, giving you plenty of opportunities to spark a crush, find a new brunch buddy, or simply enjoy a night of laughter with people you wouldn’t otherwise meet.",,pending
eventbrite,the-lincoln-lodge-31159352271,The Lincoln Lodge,"Known primarily for the nation’s longest running independent comedy show (The Lincoln Lodge) we also produce special events, help others organizations to raise money with comedy events and offer classes (Feminine Comique and Stand-Up Seminary) to encourage more community participation in stand-up comedy.  We have been very successful at nurturing local talent and can point to a long line of alumni like Hannibal Burress, Kyle Kinane, T.J. Miller, Pete Holmes and Cameron Esposito who all got their start at The Lodge. Our reputation for professionalism, talent and integrity means organizations such as Just for Laughs and Comedy Central have invited us to collaborate with them.",,pending
eventbrite,brickworld-26301034449,Brickworld,"Brickworld LLC is a private company that is not associated with the LEGO Group of companies. Brickworld operates expositions and conventions dedicated to LEGO enthusiasts with creations from brick artists to engineers. For more information on Brickworld events, call317-572-LEGO (5346) or visitBrickworld.com.",,pending
eventbrite,shore-club-chicago-14383069616,Shore Club Chicago,"Shore Club Chicago offers an unparalleled hospitality experience on Chicago's famous North Avenue Beach. Inspired by beautiful beaches around the world, the elevated food menu, great service, and unobstructed views of Lake Michigan make it Chicago's go-to destination in the summertime.For Restaurant & Oasis Reservations, Visit www.shoreclubchi.com",,pending
eventbrite,chicago-climate-connect-60965057883,Chicago Climate Connect,T﻿his is an open and free organization for people working in climate or looking to work in climate. Each month we intend to invite speakers and a place for climate professionals to gather and learn from one another.,,pending
eventbrite,the-city-social-69542180383,The City Social,,,pending
eventbrite,tech-chicago-68154061093,tech Chicago,,,pending
eventbrite,chicagos-cosplaying-hotties-108489943551,Chicago's Cosplaying Hotties,,,pending
eventbrite,vera-creative-27803264965,Vera Creative,,,pending
eventbrite,the-nite-shift-cruu-115908804581,The Nite Shift Cruu,"Come kick it with The Nite Shift Cru — where worries don’t exist and vibes are mandatory. Young professionals looking to have a good time. Whether you’re poppin’ bottles, vibin’ at the bar, or on the dance floor, every event is pure energy. Bring your crew, grab a drink, and let’s make the night legendary.",,pending
eventbrite,moors-brewing-co-46672928423,Moor's Brewing Co.,,,pending
eventbrite,international-museum-of-surgical-science-8180094624,International Museum of Surgical Science,"The International Museum of Surgical Science, a division of the International College of Surgeons (ICS), maintains over 10,000 square feet of public galleries committed to the history of surgery, and an exquisite permanent collection of art and artifacts from the history of Medicine. The Museum supports its Mission through medically thematized exhibitions and programs, in addition to a strong contemporary art exhibition program.is to enrich people’s lives by enhancing their appreciation and understanding of the history, development, and advances in surgery and related subjects in health and medicine.",,pending
eventbrite,smart-museum-of-art-2896122937,Smart Museum of Art,"The Smart Museum of Art at the University of Chicago is a site for rigorous inquiry and exchange that encourages the examination of complex issues through the lens of art objects and artistic practice. Through strong community and scholarly partnerships, the Museum incorporates diverse ideas, identities, and experiences into its exhibitions and collections, academic initiatives, and public programming. The Smart first opened in 1974. Admission is always free.",,pending
eventbrite,girlcon-team-youth-led-organization-46117517573,GirlCon Team (youth-led organization),,,pending
eventbrite,hoodie-analytics-121186278097,Hoodie Analytics,,,pending
eventbrite,enfullaffect-marketing-7838463832,enFULLAffect Marketing,,,pending
eventbrite,chicago-sport-and-social-club-11154762554,Chicago Sport and Social Club,"Let’s Play, Chicago! It’s time to meet people, level up your social life, enjoy some friendly competition and have some fun. Join our community of young professions and experience the best of the city through sports and social events. With Chicago Sport and Social Club it’s not just about competition, it’s about camaraderie. #MoreThanAGameLearn more about us athttps://chicagosocial.com",,pending
eventbrite,jess-ames-45407975303,Jess Ames,,,pending
eventbrite,jordan-smith-121368859281,Jordan Smith,,,pending
eventbrite,a-few-good-men-63934831793,A FEW GOOD MEN,,,pending
eventbrite,chicafrik-fa-events-14845709584,ChicAfrik & F.A Events,,,pending
eventbrite,black-yacht-weekend-68711073073,Black Yacht Weekend,,,pending
eventbrite,kavi-gupta-gallery-63671994723,Kavi Gupta Gallery,,,pending
eventbrite,skyline-yacht-cruises-41000074483,Skyline Yacht Cruises,For The Best Party Vibes Come Check Us Out! Not a Borning Dinner Cruise :),,pending
eventbrite,the-wasteshed-chicago-26892099141,The WasteShed Chicago,"The WasteShed is a nonprofit thrift store for art, craft, and school materials and a neighborhood center for sustainable fun. We accept donations of reusable creative and educational supplies and make them available to teachers, artists, and the general public for cheap. Since 2014, The WasteShed has diverted over 92 tons of materials (with an estimated value of $1.6 million) away from the landfill and back into our community, and provided deeply discounted or free supplies to hundreds of schools, nonprofits and cultural organizations across the greater Chicago area. We also provide waste-prevention and reuse-based art programming for all ages.Our Humboldt Park location is at 2842 W Chicago Avenue in Chicago.",,pending
eventbrite,partners-in-crime-bookshop-121196679400,Partners in Crime Bookshop,,,pending
eventbrite,bliss-joy-bull-32176494775,BLISS JOY BULL,Nandi strives for zero waste in her designs for home and body using fabric diverted from landfills & certified organic fabrics.Nandi teaches sewing workshops that help you make your clothing last longer with visible mending. Nandi has been sewing since the early 90's and has been teaching since 2021.,,pending
eventbrite,thats-so-rubes-x-take-five-x-freemind-global-34511359213,That's So Rubes x Take Five x Freemind Global,The ultimate spring kickoff party!,,pending
eventbrite,macys-on-state-street-events-115553484631,Macy’s on State Street Events,,,pending
eventbrite,houzz-42923112173,Houzz,,,pending
eventbrite,the-darkroom-chicago-95525761103,The Darkroom Chicago,"The Darkroom Chicago is a community darkroom and creative studio rooted in the art of film photography. We offer hands-on development workshops, immersive darkroom sessions, and unforgettable analog experiences designed for photographers of all levels—from first-timers to seasoned shooters. Whether you're here to learn, connect, or create, this is where your story develops.",,pending
eventbrite,kos-playlist-74763837903,KO’s Playlist,,,pending
eventbrite,chicago-twenty-something-27338423695,Chicago Twenty Something,"If you're a recent college graduate, young professional, or just someone looking to have some fun, Chicago 20 Something is your one stop shop for all things party in Chicago!",,pending
eventbrite,goblin-market-76264912383,Goblin Market,"Goblin Market on Lincoln Ave specializes in manga, manhwa, danmei, comics, independent RPGs, queer stories, unique crafts, & curiosities.",,pending
eventbrite,jane-addams-hull-house-museum-8470283828,Jane Addams Hull-House Museum,"Jane Addams Hull-House Museum(JAHHM)draws upon the legacy of international peace activist and feminist, Jane Addams, and other social reformers who worked, alongside their immigrant neighbors, to create social change on the Near West Side of Chicago during the Progressive Era. The Museum preserves and develops the original Hull-House site for the interpretation and continuation of the historic settlement house vision. Exhibitions and public programs elevate histories of activism, progressive education and democratic principles of participation and exchange, and connect them to present-day social justice issues.",,pending
eventbrite,trickery-chicago-16013837640,Trickery Chicago,Trickery is Chicago's finest BYOB venue for truly entertaining and breathtaking magic shows.,,pending
eventbrite,unmuddled-bartending-co-lone-owl-pub-78564769473,unMuddled Bartending Co. @ Lone Owl Pub,"O﻿ur mixology classes are a bit different than most. Instead of an over-the-top recipe you'll realistically never take the time to make at home, we'll teach you cocktail ""styles"" or ""templates"" that are straight-forward & easy to remember, and will give you the base knowledge to repeatedly craft your own cocktail variations that are simple yet taste balanced, complex and, most importantly, adjust to your own personal taste. Genuinely creative non-alcoholic options are always available!",,pending
eventbrite,urban-sketchers-chicago-18792575594,Urban Sketchers Chicago,,,pending
eventbrite,st-michael-in-old-town-8210478835,St. Michael in Old Town,,,pending
eventbrite,orlove-18677495634,ORLOVE,,,pending
eventbrite,write-about-now-poetry-7484941377,Write About Now Poetry,Live events every week! Learn more at www.writeaboutnowpoetry.com,,pending
eventbrite,mittelstand-digital-zentrum-tourismus-69292585363,Mittelstand-Digital Zentrum Tourismus,,,pending
eventbrite,guidance-skills-opportunities-for-researchers-20256872420,"Guidance, Skills & Opportunities for Researchers","Researchers work on solutions to societal challenges – in academia as well as in other sectors. We offer tailored Career Guidance, targeted Skill Development, and Opportunities through innovative programs for PhD-level researchers. This enables them to fully realize their potential and strategically shape their careers.We share our knowledge and network with key players from research, business, foundations, and politics. Together, we aim to identify structural challenges, develop new solutions, and drive systemic innovation.",,pending
eventbrite,bzwdorf-78392461703,bzw.dorf,,,pending
eventbrite,sibb-digitalverband-berlin-brandenburg-9505193840,SIBB // Digitalverband Berlin-Brandenburg,,,pending
eventbrite,mittelstand-digital-zentrum-berlin-18683541662,Mittelstand-Digital Zentrum Berlin,Website: https://digitalzentrum-berlin.de/veranstalter/mittelstand-digital-zentrum-berlin,,pending
eventbrite,digitales-innovationszentrum-schwerin-59605436693,Digitales Innovationszentrum Schwerin,,,pending
eventbrite,bfdk-33693532219,BFDK,,,pending
eventbrite,beltz-akademie-55165452853,Beltz Akademie,,,pending
eventbrite,ascent valley,Ascent Valley,,,pending
eventbrite,tablon global,Tablon Global,"Tablon is B2B Networking company to connect Investors & Founders.BothInvestors & Foundersbelieve meeting in-person is far more effective to discuss investment rather than sending emails, cold calls & knocking on doors.",,pending
eventbrite,autavo-121209898289,Autavo,,,pending
eventbrite,the-us-consulate-general-in-ho-chi-minh-city-51914947483,The U.S Consulate General in Ho Chi Minh City,,,pending
eventbrite,acclime-vietnam-109113518231,Acclime Vietnam,"Join our informative seminars, webinars, and workshops to expand your knowledge in fields that matter most to you.",,pending
eventbrite,osu-viet-nam-community-92344698453,Osu! Việt Nam Community,,,pending
eventbrite,gwladys-placide-legacy-architect-elevate-corp-121447228049,"Gwladys PLACIDE, Legacy Architect, ELEVATE Corp.",,,pending
eventbrite,traicon-events-75653079323,TraiCon Events,,,pending
eventbrite,asian-sky-group-106848181101,Asian Sky Group,"The Asian Sky Forum is a premier business aviation event that gathers industry leaders, professionals, and key stakeholders from across the Asia-Pacific region. Hosted by Asian Sky Group, this exclusive forum is designed to foster discussions on market trends, aircraft transactions, regulatory updates, and the evolving role of business aviation in the region.",,pending
eventbrite,the-executive-centre-tec-community-15769550517,The Executive Centre (TEC) Community,"The Executive Centre (TEC) is Asia’s premium flexible workspace provider with over 220+ Centres in 36 cities and 16 markets across Greater China, Southeast Asia, North Asia, India, Sri Lanka, Australia and the Middle East. It is the third largest serviced office business in Asia with annual turnover in excess of US$315 million. Since TEC’s foundation in 1994, it has built a membership of over 50,000+ distinguished professionals and has facilitated connection, and personal and professional growth in over 4.7 million sq feet of collaborative workspace.TEC provides the highest quality Managed Enterprise Solutions, private, virtual, and coworking spaces, each equipped with meeting facilities, video conferencing and a broad range of business concierge services. Located in the most prestigious buildings in the central business district of each city, TEC is dedicated to serving multinational corporations, small / medium enterprises, and start-ups locally, regionally and internationally with the most flexible and dynamic workplace solutions. Through a dynamic in-centre events program and a robust digital ecosystem, TEC helps its Members to build relationships that help their businesses’ succeed.Based on a ‘Members first’ philosophy, TEC has created a community of like-minded professionals and strives to provide businesses with an opportunity to “work smarter, not harder” and achieve office space flexibility, cost effectiveness and productivity. As the leading premium serviced office provider, TEC looks after their Members’ businesses as if they were their own, treating Members’ success as their own success.Having evolved alongside Members, TEC are always anticipating new ways to facilitate business and personal growth. The TEC Community fosters connections between the growing membership, giving them opportunities to collaborate and share information. Members can take advantage of a robust event program, exclusive benefits and the TEC Online Forum to engage across the global network.TEC’s client base is composed of leading companies from the financial services, technology and corporate sectors. TEC's commitment to its Members is to be “Your Space for Success”.The heart and soul of TEC Centres are its Engagement Team, a group of highly trained concierge personnel who provide local knowledge and business support to Members, ensuring a smooth transition into their new city.To this day TEC’s Members remain at the core of the business - that ethos hasn’t changed in over 30+ years. As a result, The Executive Centre’s average tenancy is 36 months (despite an average contract of 12 months) and continues to rise. With an NPS (Net Promoter Score) of 66, TEC ranks exceptionally highly in terms of customer loyalty and satisfaction.",,pending
eventbrite,hubexo-11116339462,Hubexo,,,pending
eventbrite,riverstone-training-pte-ltd-14657133729,Riverstone Training Pte Ltd,"Riverstone Training is a leading provider of financial training programs to professionals from diverse backgrounds in the financial industry. As a specialized training company, Riverstone aims to bridge the gap between technical skills required by companies and the available talent by offering practical and work-oriented training courses in the field of finance.",,pending
eventbrite,luu-bar-120733555065,Luu Bar,"Luu Bar is an underground DJ bar in Binh Thanh, Ho Chi Minh City, hosting late-night electronic music events with local and international artists.V﻿isit our website : https://luubar.com/",,pending
eventbrite,london-womens-clinic-34335142269,London Women's Clinic,,,pending
eventbrite,cult-cymru-bectu-equity-mu-wggb-30130521518,"CULT Cymru (Bectu, Equity, MU, WGGB)",,,pending
eventbrite,willowbank-publishing-121220236151,Willowbank Publishing,,,pending
eventbrite,passive-digital-income-club-103237129451,Passive Digital Income Club,,,pending
eventbrite,paul-chuter-32658600053,Paul Chuter,,,pending
eventbrite,onlineventscouk-428528850,onlinevents.co.uk,"Sandra and John are a sibling team who are proud to be serving the helping professions for more than 10 years with online interactive learning.The workshop programmeis being offered alongside theOnlinevents CPD Librarywhich we believe is the world’s largest online library of video and audio learning, with instant certification for the helping professions including counsellors, coaches, teachers, supervisors and nurses.100% Learning GuaranteeOur number one priority at onlinevents is your learning. Which means we stand by our learning experiences 100%, no matter what, no holds barred, no ifs, no buts.",,pending
eventbrite,larry-dunlop-121257520326,Larry Dunlop,,,pending
eventbrite,zenas-coaching-104318164091,Zena's Coaching,"Join my events for a friendly, fun and informative sessions with a difference.  All events are about your growth.",,pending
eventbrite,law-of-attraction-solutions-llc-7788813697,"Law of Attraction Solutions, LLC","Law of Attraction Solutions LLC specializes in business, life, health and abundance coaching. Our teachings of the Law of Attraction are timeless. They are based on the ancient teachings of Hermes Trimegestus along with Qabalah, Esoteric Order of the Golden Dawn, Hermetics, Alchemy, as well as, other important tools and modern techniques based on quantum energy knowledge, magic, Neuro -Linguistic Alchemy (An advanced form of N.L.P.) and Intuitive Trance Alchemy.",,pending
eventbrite,divine-tribe-31052257821,Divine Tribe,,,pending
eventbrite,get-a-bigger-boat-31308754819,Get a Bigger Boat,Get a Bigger Boat helps its teachers create effective step by step training systems to take students from rote beginner up to an advanced trainer.,,pending
eventbrite,michael-tritthart-ceo-of-mtritt-inc-564707474,Michael Tritthart CEO of MTritt INC.,"Michael Tritthart - McKinney, TX - Certified ONE Thing TrainerMichael has been delivering high energy, applicable training to your business and personal lives since 1993. Training with a ""Tell, Show, Do"" approach, his workshops have been embraced by thousands across the US and Canada. With a passion to empower his attendees, many have used the techniques learned to build successful careers and lives. Michael obtained his Master of Education Degree from UNT in 2000 and was a member of the KWU Master Faculty from 2008-2018. He has trained/consulted the whole spectrum, from College and Super Bowl Champions to Multi-Millionaire Business Leaders. He is excited about sharing how the ONE Thing has changed his life and the opportunity to do the same for many more people. Michael has been married for over 20 years to his beautiful bride, Shantel, and has two kids that impress him every day.",,pending
eventbrite,creative-voice-development-group-121378628188,Creative Voice Development Group,,,pending
eventbrite,jody wheeler,Jody Wheeler,,,pending
eventbrite,leaders-business-school-27067772305,Leaders Business School,,,pending
eventbrite,forest-medicine-coaching-35637950533,Forest Medicine Coaching,,,pending
eventbrite,carrotcom-115035604671,Carrot.com,,,pending
eventbrite,black-girls-only-121369116066,Black Girls Only,,,pending
eventbrite,tahirah-blanding-89452765643,Tahirah Blanding,,,pending
eventbrite,aurora-public-library-7671915095,Aurora Public Library,,,pending
eventbrite,onika-miller-121279634046,Onika Miller,,,pending
eventbrite,the-species-recovery-trust-17335753729,The Species Recovery Trust,A charity devoted to saving some of the UK's most endangered species,,pending
eventbrite,property-solutions-7545443951,Property Solutions,"We provide a practical and straight forward Solution Focused Success System with key tools & techniques built around your organisational core. We have worked with over 100 organisations, over 1000 business leaders and over 10,000 individuals. We consistently deliver strong return on investment by developing our thinking into tangible results!",,pending
eventbrite,london-drawing-12813547332,London Drawing,Website: https://londondrawing.com/organiser/london-drawing/,,pending
eventbrite,jana-du-toit-faith-based-scale-strategist-121175389406,Jana du Toit - Faith-based Scale Strategist,,,pending
eventbrite,esther-aikharialea-32279617617,Esther Aikharialea,A﻿ licensed real estate agent since 2020.#﻿405053,,pending
eventbrite,justin-borges-121328306384,Justin Borges,"The Borges Real Estate Team, led by Justin Borges, is Los Angeles County's premier probate and buyer real estate specialists. 13+ years of experience, $200M+ in career sales, serving the SGV and greater LA market.",,pending
eventbrite,cynthia-blancaflor-89613633893,Cynthia Blancaflor,,,pending
eventbrite,hirestudents-114342003211,Hirestudents,"A﻿ll 100% Online Networking, Interviews, Job Placement, Resume Support, Cover Letter Revisions, and Membership Services.  Try it before you buy it!",,pending
eventbrite,david-sanchez-62487037683,David Sanchez,"Hosted by David Sanchez, a Long Beach-based community builder and real estate agent with Living CA Realty. From paddleboarding and hiking to beach cleanups, happy hours, and more, David creates fun, welcoming events that connect people across LA and OC.Let’s build a community together!Learn more atwww.YourRealtorDavid.com",,pending
eventbrite,shelly-phillips-120649327571,Shelly Phillips,,,pending
eventbrite,tomell-one-121416426940,Tomell One,,,pending
eventbrite,thoughtful-money-77980296603,Thoughtful Money,,,pending
eventbrite,jenny-pena-nbc-hwc-107739627851,"Jenny Pena, NBC-HWC","Jenny Pena, NBC-HWC is a Certified Health Coach that specializes in Diabetes prevention and sustainable lifestyle changes. With a compassionate and personalized approach, Coach Jenny empowers clients to balance their blood sugar, lower A1C, and embrace a healthier life. Drawing on personal experience with prediabetes, she understands the challenges and opportunities of making impactful lifestyle shifts.",,pending
eventbrite,shelley-bramlett-30030395508,Shelley Bramlett,shelley.bramlett@tmhna.com or 317-525-9833,,pending
eventbrite,master-of-the-story-with-jd-wallace-96622988303,Master of the Story with JD Wallace,"From Disney’s imagineering halls to Skyrim’s frost‑bitten peaks, JD has spent nearly twenty years as the clandestine force who supercharges other writers’ worlds—first sharpening stories in Mickey’s backyard, then answering a call from a Bethesda fraternity brother to help sculpt SKYRIM’s epic quest‑lines, part of a dev team that snagged 14 awards from 17 nominations its debut year. Hollywood quickly took notice: JD injected covert‑ops credibility into BURN NOTICE, COVERT AFFAIRS, and the twist‑loving BLACKLIST, earning a reputation for stitching bulletproof authenticity into high‑adrenaline plots. In 2021 he teamed with his creative powerhouse wife, Jennifer, and their original scripts have since racked up a dozen category wins and more than two dozen top placements—spanning three true‑story action‑adventure pilots, a fantasy‑magical‑realism series spun from Jennifer’s forthcoming trilogy, and a docudrama‑psychological thriller that unspools a 30‑year conspiracy with global financial stakes. Precision, imagination, and audience‑gripping depth: JD delivers all three, on deadline, every time.JD Wallace is the secret weapon Fortune 500 teams call when their words need to win. A 20‑year veteran of high‑stakes business writing, he evolved from drafting razor‑sharp psychological intel on Mideast terrorist pivots for the U.S. government to shaping blue‑sky concept docs for Disney Imagineers, then spent seven trailblazing years at Amazon—becoming the company’s most sought‑after Global Business Writing facilitator and electrifying 1.5 million Amazonians with his original, award‑winning content. Schooled one‑on‑one by Jeff Bezos during the birth of Amazon Smart Home, JD absorbed the Customer Obsession ethos and the legendary six‑pager culture at its source. Today he distills those battle‑tested formats and storytelling frameworks into precision coaching that helps individuals and organizations write clearer, think faster, and drive decisions like the world’s most influential innovators.Outside the boardroom, JD dove straight into the deep end of narrative mastery—workshopping plot twists with Stephen King, swapping story hacks with high‑school pal and New York Times Bestseller Tess Gerritsen (GRAVITY), and absorbing guru‑level craft from Robert McKee and Michael Hauge until their frameworks clicked into one seamless, turbo‑charged toolkit any writer can wield. He honed those tools coaching celebrity memoirists, ghost‑penning riveting biographies, and shaping classified “tell‑all” manuscripts for military and intelligence insiders. Then JD aimed his own pen at the most explosive tale in his orbit: the covert marriage of a U.S. psychological‑operations officer and an undercover Mossad Katsa. To shield real‑world operatives, he sold the rights as a “fictionalized account of a true story,” threading the needle between raw authenticity and airtight secrecy—proof that when JD fuses lived experience with elite storytelling chops, the result is a narrative with both teeth and tact.",,pending
eventbrite,walter-parker-19988056791,Walter Parker,"Master of Lead Generation  and leveraging A.I and Social Media, Walter Parker is pioneering the way realtionships are being done wih Lenders, Insurance Agents and Realtors.  Don't Miss Any of His Classes",,pending
eventbrite,good-neighbor-realty-55338828043,Good Neighbor Realty,,,pending
eventbrite,rebloom-global-120713359680,ReBloom Global,,,pending
eventbrite,tlo-the-realtor-82088232263,TLo the Realtor,,,pending
eventbrite,laura-malec-29845406587,Laura Malec,,,pending
eventbrite,resabal-is-a-management-consulting-firm-that-specializes-in-futureproofing-47342935873,Resabal is a management consulting firm that specializes in futureproofing.,,,pending
eventbrite,shanghai-pub-crawl-96476691343,Shanghai Pub Crawl,,,pending
eventbrite,dr-libby-nugent-29905379479,DR Libby Nugent,"Clinical Psychologist and a `Group Work Practitioner of Group Analysis.I have particular interest in depth psychology - both  Jungian and Group Analytic.The workshops I run often are exploring stories and myths in groups as a way to creatively connect and examine individual and collective psychology; providing a choice of teaching spaces, seminars and groups where people can reflect on life.The reflective spaces I provide can be either “here-and-now” events where participants study what is going on in the moment, paying particular attention to unconscious dynamics and looking at the group-as-a-whole, rather than intrapersonal or interpersonal dynamics. Or events, where the group is invited to reflect on their experiences regarding a particular piece of material: such as a group discussion on a piece of literature, or, a participant sharing a work situation to be thought about together as a group.It is not unusual that learning is transformational in terms of how participants look at themselves, their roles, their groups, and organisations they are part of.These reflective spaces are for anyone wanting to experience in action how through the group‘s discussion, meeting our reactions, our connection to symbols, imagery and association along the way, we might enable each other to better understand ourselves, each other and some of the personal and collective stories we all live.Unless explicitly stated for a specific event, no particular background or experience is necessary to participate.",,pending
eventbrite,artiste-training-events-121208490503,Artisté Training & Events,,,pending
eventbrite,the-savvy-pm-architect-121416582018,The Savvy PM Architect,,,pending
eventbrite,martin-franco-59200008423,Martin Franco,"Visual Arts Teacher working independently on online art classes since 2020 when I had to shut down my studio. In 2023 I started teaching a series of Drawing and Painting Classes on Zoom in English which I call ""WAYS TO DRAW AND PAINT""- (WTDP) . We study diverse subjects as still lifes, landscapes, animals, portraits and the whole human figure and also we work and experiment with different materials (graphite, charcoal, watercolors, colored pencils, pastels, tempera-gouache, oil, acrylics, collage and more). Usually these are stand alone classes, some others are weekly courses.  I never repeat the classes contents and they are never pre-recorded. These classes in the English language are intended mostly for beginning and intermediate students, otherwise it is announced as for advanced students. Usually we are very few in each session, so you can ask questions and show your work on camera to get some feedback and continue to improve and grow as an artist.   Contact me at <dibujofranco>  gmail / instagram / facebook / blogspot",,pending
eventbrite,david-benkof-30063932636,David Benkof,"David Benkof, the Broadway Maven, has been teaching Broadway and American Jewish Culture online for five years. He aims to help students see the third time things they did not notice the first. His love for Broadway is triply expressed: his classes; his Youtube Channel; and MARQUEE: The Broadway Maven's Weekly Blast substack newsletter. For more information, visit TheBroadwayMaven.com",,pending
eventbrite,santa-barbara-cottage-hospital-childbirth-education-3679246697,Santa Barbara Cottage Hospital Childbirth Education,,,pending
eventbrite,teshia-co-114609331501,Teshia & Co.,,,pending
eventbrite,the-center-for-mens-excellence-33956413597,The Center for Men's Excellence,"The Center for Men's Excellence- Psychological Services for: Men | Couples | Fathers | Families | Childrenmenexcel.comVirtual dad's classes are open to anyone, no matter where you live!In-person dad's classes available in San Diego, CAPsychological services available virtually to any resident of California, and in-person in San Diego, CA",,pending
eventbrite,sundial-centre-for-education-on-harmful-practices-89647660423,Sundial Centre for Education on Harmful Practices,,,pending
eventbrite,ash-shukla-6882884273,Ash Shukla,"Click here to subscribe to our text messages.We host several high-end events throughout the year. Our promise: We produce high content events for entrepreneurs and business owners. Our events are well attended by holistic-minded business owners & women entrepreneurs who want to remove financial blockages, improve their lives, and build a business they can enjoy...",,pending
eventbrite,lane-county-family-mediation-14930878623,Lane County Family Mediation,,,pending
eventbrite,linda-mendonsa-astrology-learners-academy-61485445273,"Linda Mendonsa, Astrology Learners Academy","Linda Mendonsa, Director of Astrology Learners Academy,  shares her 40-plus years of experience with modern Western astrology and her positive philosophy of life with you. She has been teaching astrology for over 7 years, guiding students all over the world to read their charts with confidence. Linda is known for her friendly and engaging teaching style, making the layered complexity of astrology easy to learn and apply to your own life. Come join her for this fun astrology beginner class! Learn more: https://astrologylearners.com/",,pending
eventbrite,voice-coaches-cvdg-106233306901,Voice Coaches CVDG,,,pending
eventbrite,ellen-britton-guitar-4601555983,Ellen Britton Guitar,,,pending
eventbrite,university-maryland-extensionjenniferdixoncravens-17356163605,University Maryland Extension/JenniferDixonCravens,"University programs, activities, and facilities are available to all without regard to race, color, sex, gender identity or expression, sexual orientation, marital status, age, national origin, political affiliation, physical or mental disability, religion, protected veteran status, genetic information, personal appearance, or any other legally protected class.If you need special assistance to participate in this program, please contact the University of Maryland Extension office at least 2 weeks in advance.",,pending
eventbrite,the-parenting-center-2121081359,The Parenting Center,Website: http://theparentingcenter.org/organizer/the-parenting-center-3/,,pending
eventbrite,unity-collective-110582560041,Unity Collective,,,pending
eventbrite,uc-master-food-preserver-online-delivery-program-115022453251,UC Master Food Preserver Online Delivery Program,"The UC Master Food Preserver Online Delivery Program offers free, research-based classes on safe home food preservation. Our trained volunteers demonstrate approved recipes and techniques for canning, freezing, drying, fermenting, and more. We hope these classes help Californians (and participants everywhere) enjoy seasonal foods year-round.",,pending
eventbrite,canasta-consultant-121337982647,Canasta Consultant,,,pending
eventbrite,skillsource-td-106394517531,SkillSource TD,,,pending
eventbrite,age-uk-devon-120733858172,Age UK Devon,"Age UK Devonis a local charity working across the county to support people over 50 to live healthier, happier and more connected lives. From practical advice and wellbeing support to social groups and community programmes, we’re here to help older people stay independent and feel part of something.",,pending
eventbrite,the-centre-for-international-sustainable-development-law-cisdl-7878589761,The Centre for International Sustainable Development Law (CISDL),"The CISDL is an independent international legal research institute integrating environment, human rights and economy through legal scholarship and empowerment. Our mission is to promote legal education relating to sustainable societies and the protection of ecosystems by advancing the understanding, development and implementation of international sustainable development law. Through its various programs and initiatives, the CISDL has positioned itself as one of the world’s leading organizations dedicated to sustainable development and as the world’s leading sustainable development law charity.",,pending
eventbrite,asma-khalil-30273710876,Asma Khalil,Professor of Maternal Fetal Medicine,,pending
eventbrite,botanic-gardens-conservation-international-32836430211,Botanic Gardens Conservation International,,,pending
eventbrite,thriving-autistic-clg-33096870621,Thriving Autistic CLG,"Thriving Autistic is an international non-profit, social enterprise run by Autistic and otherwise neurodivergent mental health professionals (therapists, coaches and psychologists).O﻿ur goal is to promote and protect the human rights of Autistic and Neurodivergent people.",,pending
eventbrite,the-mankind-project-uk-ireland-32282882311,The ManKind Project UK & Ireland,,,pending
eventbrite,money-guiders-england-community-network-120715240756,Money Guiders England Community Network,,,pending
eventbrite,dani-bacon-69597726503,Dani Bacon,,,pending
eventbrite,the-national-archives-2226699547,The National Archives,"The National Archivesis the official archive and publisher for the UK government, and for England and Wales.  We are the guardians of some of our most iconic national documents, dating back over 1,000 years.",,pending
eventbrite,packt-publishing-limited-70306584013,Packt Publishing Limited,,,pending
eventbrite,centre-for-comparative-literature-54975814613,Centre for Comparative Literature,"The Goldsmiths Research Centre for Comparative Literature (CCL) is an interdepartmental Centre drawing from the Department of English & Creative Writing (formerly English & Comparative Literature) and the Department of Theatre and Performance, with contributions and collaborations across Goldsmiths and beyond.Building on an established tradition of teaching and researching literary, visual, cultural and performance texts from all areas of the world and in many different languages, the CCL aims to foster innovative research in and on the theory, practice and history of comparative literature, world literature(s) and theatre, reception of the classics, multilingualism and translation, intercultural theatre, and creative writing.",,pending
eventbrite,tergar-edinburgh-32627324647,Tergar Edinburgh,,,pending
eventbrite,twinkl-teachmeet-60099430613,Twinkl TeachMeet,"JoinTwinkl TeachMeetfor live CPD events featuring expert-led sessions on the latest teaching strategies and resources. Our events are the perfect opportunity to boost your skills and connect with fellow educators!Learn, Connect, and Grow with Twinkl TeachMeet",,pending
eventbrite,womcy-latam-women-in-cybersecurity-25177542675,WOMCY - LATAM Women in Cybersecurity,,,pending
eventbrite,recla-18876545296,RECLA,,,pending
eventbrite,quality-leadership-university-7893752160,Quality Leadership University,"Quality Leadership University fue fundada en 1997 bajo el liderazgo del Rector Oscar León, quien tuvo la visión de ofrecer el más alto nivel académico en Panamá con el objetivo de preparar líderes y profesionales que contribuyan al desarrollo de la región. A la fecha, más de 5,000 Panameños y extranjeros de todas partes del mundo han recibido sus diplomas en licenciatura y maestría en diversas áreas profesionales. Con más de 1500 estudiantes matriculados cada año en nuestros programas de Licenciaturas y Maestrías, así como en nuestros programas de Inglés para el Éxito Profesional y Educación Ejecutiva.Quality Leadership University mantiene acuerdos académicos con universidades reconocidas mundialmente como University of Louisville, Illinois State University, University of South Florida y la Universidad de Chile.",,pending
eventbrite,miedo-a-los-aviones-15414096636,Miedo a los Aviones,M﻿iedo a los Aviones ofrece cursos por streaming y online (autoguiados) para personas que aun no volaron o que lo hacen pero con mucha ansiedad o miedo.,,pending
eventbrite,grandes-pymes-consultoria-y-capacitacion-30329055596,Grandes Pymes - Consultoría y Capacitación,Consultora especializada en Direccion y Gestion de Pequeñas y Medianas Empresas.Sabemos de Pymes y podemos ayudarte!,,pending
eventbrite,centro-de-formacion-profesional-30872127675,Centro de Formación Profesional,,,pending
eventbrite,bolsa-de-comercio-de-santa-fe-19838528368,Bolsa de Comercio de Santa Fe,,,pending
eventbrite,abs-international-12734097046,ABS International,"ABS International es una empresa dedicada a la capacitación desde el año 1993.Somos organizadores del Congreso Internacional para Docentes y Directivos de Inglés y del Congreso Internacional para Directivos de Instituciones Educativas, entre otros talleres y congresos de educación.",,pending
eventbrite,prevencion-y-movimiento-31830257965,Prevencion y Movimiento,,,pending
eventbrite,dra-graciela-ferraro-11754645545,DRA GRACIELA FERRARO,,,pending
eventbrite,centro-argentino-de-cartografia-30491615606,Centro Argentino de Cartografía,,,pending
eventbrite,ekoparty-security-conference-13668287925,ekoparty security conference,,,pending
eventbrite,cyt-oficial-capacitaciones-30911446997,CYT OFICIAL - CAPACITACIONES,,,pending
eventbrite,nsw-institute-of-trauma-and-injury-management-4460447087,NSW Institute of Trauma and Injury Management,"The NSW Institute of Trauma and Injury Management (ITIM) is an institute within the Agency for Clinical Innovation (ACI). We oversee, coordinate and support the NSW trauma system.Trauma is the number one cause of death in people aged 0-45 years in NSW and is one of the top five causes of death for all age groups.We improve health outcomes for people who sustain traumatic injury.We do this by:providing leadership in the field of traumamonitoring and coordinating the NSW trauma systemsupporting clinicians working in the trauma system and others who contribute to injury prevention programs and trauma researchbeing a key facilitator of clinical care review, and monitoring together with education and researchraising awareness of trauma as a leading cause of deathproviding a central point of contact for all clinicians in NSW in relation to trauma.F﻿or more information, please visitInstitute of Trauma and Injury Management",,pending
eventbrite,state-library-of-queensland-digital-inclusion-104226084011,State Library of Queensland - Digital Inclusion,"Wherever you are in Queensland, we're empowering you to unlock the world of digital. Digital inclusion ensures that every Queenslander has opportunities to benefit from the digital economy through access to learning, entertainment, business, employment, and vital services. Explore our free online digital tools and in-person workshops to learn, connect, and thrive.",,pending
eventbrite,turning-point-8430074318,Turning Point,"Turning Point is a national treatment, research and education centre that provides leadership in the alcohol and drug, gambling and mental health sectors.Combining research with service innovation, surveillance, system enhancements, capacity building and specialist support, Turning Point is a recognised centre of excellence that assists services, communities and governments to respond to current and emerging issues.Turning Point is part of Eastern Health and is affiliated with Monash University.",,pending
eventbrite,escuela-normal-del-estado-turno-vespertino-56198866463,Escuela Normal  del Estado | Turno: Vespertino,,,pending
eventbrite,routeagile-latam-32289522469,routeAgile LATAM,"S﻿omos una empresa jovén e innovadora integrada por consultores especializados en metodologías ágiles. Nuestro objetivo principal es proveer soluciones integrales a personas y empresas desde nuestras 4 líneas de negocio:EDUCACIÓN - CONSULTORÍA - AGILE TOOLS - STAFFING AGILEr﻿outeAgile.com | Think Agile, Be AgileW﻿hastApp: +52 55 6319 9993",,pending
eventbrite,mas-voces-en-diseno-mexico-20006877621,Más Voces en Diseño México,"QUIÉNES SOMOSEn el año de 2019 la iniciativa llega a nuestro país y se conforma la comunidad Más mujeres en UX MéxicoNuestro principal objetivo es poder generar redes de apoyo entre las diferentes participantes y visibilizar la presencia femenina en la disciplina.Para lograrlo, la comunidad realiza reuniones mensuales donde se presentan temáticas inspiradoras y técnicas, para promover el compartir experiencias y conocimientos entre las mujeres UXers.",,pending
eventbrite,alpha-mexico-51142447573,ALPHA MEXICO,,,pending
eventbrite,lupita-morales-31150855205,Lupita Morales,,,pending
eventbrite,ucf-college-of-community-innovation-and-education-114630488571,UCF College of Community Innovation and Education,,,pending
eventbrite,asociacion-educar-para-el-desarrollo-humano-9504986398,Asociación Educar para el Desarrollo Humano,,,pending
eventbrite,trn-attend-a-professional-hiring-event-6499469023,TRN. Attend a Professional Hiring Event!,"EMPLOYERS ARE HIRING AT OUR NATIONWIDE PROFESSIONAL HIRING EVENTS.Career Seekers join us for a great day of recruiting.  Recruiters, Managers and HR Professionals are looking to fill open positions at hiring events nationwide.  Register today and attend the next Career Recruiting Network Hiring Event!Call & Register Today!  844-544-JOBS (5627)",,pending
eventbrite,assuring-better-child-health-development-77732071103,Assuring Better Child Health & Development,"ABCD is a locally known and nationally recognized leader in co-designing, actively shaping, and championing progressive early childhood policies and equitable access to comprehensive, high quality perinatal and early childhood developmental services for young children and their families. Our mission is to partner with and build connections across healthcare, community agencies, and early childhood systems to expand best practices.",,pending
eventbrite,tablon-partners-88992697553,Tablon Partners,,,pending
eventbrite,blockchain-school-121415431017,Blockchain School,,,pending
eventbrite,knowledge-corner-by-two-poles-52751482523,Knowledge Corner by Two Poles,,,pending
eventbrite,saprea-41264734223,Saprea,,,pending
eventbrite,datayoo-farmispace-120770004437,DATAYOO | FarmiSpace,,,pending
eventbrite,truemeet-121459516470,TrueMeet,,,pending
eventbrite,live-baltimore-15685968510,Live Baltimore,"Live Baltimore loves city life! We are an independent, nonprofit organization committed to promoting the benefits of Baltimore City living. Each year, Live Baltimore provides thousands of individuals with information on the city’s 278 neighborhoods, rental living options, homebuying incentive programs, historic tax credits, and more. Live Baltimore envisions Baltimore as a growing and vibrant city that attracts and retains a diverse population.",,pending
eventbrite,egality-health-79178102963,Egality Health,,,pending
eventbrite,the-lotus-the-light-metaphysical-center-28911750425,The Lotus & the Light Metaphysical Center,"The Lotus and the Light Metaphysical Center is a Holistic Wellness and Spiritual community located close to old town Manassas, VA. We offer an array of classes and workshops in metaphysical and spiritual development.Uma Alexandra Beepat is the CEO and owner of The Lotus and The Light and the main spiritual teacher at the center. Uma provides holistic wellness consultations, soul alignment coaching and intuitive readings to help clients connect to their path, live healthier and better and create more peace, joy and happiness in their lives. You can contact her for a free holistic wellness consultation anytime!Uma also offers an annual intuitive development program for the newly awakened and budding Intuitives who seek to trust their intuition and live a life of purpose.Come join this fun and light hearted group as we grow together spiritually and in friendship!Our meetings occur at our center on Mosby street close to Old Town Manassas. You can find out more about services and classes at www.thelotusandthelight.comWe look forward to meeting you one day,The Lotus and The LIght",,pending
eventbrite,ppsc-learning-lab-53800554983,PPSC Learning Lab,"PPSC's Learning Lab offers cutting edge, affordable workshops focused on mental health education for counselors, teachers, parents, mental health and health professionals as well as the community at large.",,pending
eventbrite,vcca2026-120783233396,VCCA2026,,,pending
eventbrite,nimbus-intelligence-powered-by-the-information-lab-84249687273,Nimbus Intelligence powered by The Information Lab,"Somos Nimbus Intelligence. Tu socio en innovación que puede ayudarte a superar tus objetivos de datos en la nube.Nimbus Intelligence representa el poder de los datos. A través de los esfuerzos de nuestros ingenieros certificados, apoyamos a tu empresa en el camino hacia la toma de decisiones basada en datos. Ya sea optimizando márgenes de beneficio, procesando datos de pacientes o simplificando cadenas de suministro, brindamos soluciones adaptadas a los requisitos de tu negocio. Te ayudamos a navegar a través de grandes volúmenes de datos, traduciéndolos en resultados útiles y concretos. Además, te capacitamos para tomar decisiones seguras dentro de tu área de experiencia, independientemente del sector.",,pending
eventbrite,in-mocion-109127354411,in-mocion,,,pending
eventbrite,arxivistica-i-gestio-de-documents-uab-7991649679,Arxivística i Gestió de Documents UAB,"Arxivística i Gestió de Documents UAB, de l'Escola FUAB Formació. centre especialitzat en el camp de l'arxivística i la gestió de documents, es proposa assolir un ampli reconeixement acadèmic, professional i social a nivell nacional i internacional mitjançant la transmissió dels coneixements, l’ajut al desenvolupament de les competències i les habilitats inherents a l'especialitat, i la recerca.",,pending
eventbrite,eusko-jaurlaritza-121416670634,Eusko Jaurlaritza,,,pending
eventbrite,sma-solar-academy-es-29971639072,SMA Solar Academy - ES,"Como uno de los especialistas líderes mundiales en tecnología de sistemas para aplicaciones fotovoltaicas, el Grupo SMA hoy en día cuenta con los requisitos previos para el suministro descentralizado de energía renovable del mañana. La gama de productos de SMA incluye una amplia variedad de inversores fotovoltaicos eficientes y soluciones integrales para plantas fotovoltaicas de toda clase de potencia, sistemas inteligentes para gestionar la energía y sistemas de baterías, así como soluciones completas para aplicaciones híbridas de energía fotovoltaica y diésel. La oferta se completa con servicios energéticos digitales y amplias prestaciones de servicio, entre las que se cuentan la gestión operativa y el mantenimiento de centrales fotovoltaicas. Los inversores de SMA, con una potencia total de alrededor de 80 GW, se utilizan en más de 190 países de todo el mundo. Las innovaciones tecnológicas de SMA, premiadas en varias ocasiones, están amparadas por más de 1500 patentes y modelos registrados. Desde el año 2008, la empresa matriz del Grupo, SMA Solar Technology AG, cotiza en el Prime Standard de la Bolsa de Fráncfort (S92) y también en el índice SDAX.",,pending
eventbrite,rinova-malaga-115148509511,Rinova Málaga,,,pending
eventbrite,pmi-galicia-spain-chapter-16086606481,PMI Galicia Spain Chapter,,,pending
eventbrite,prevencio-i-seguretat-integral-uab-18684345248,Prevenció i Seguretat Integral UAB,"Prevenció i Seguretat Integral (EPSI), de l'Escola FUAB Formació, i ubicada al campus de Bellaterra, ofereix estudis universitaris en l’àmbit de la prevenció i la seguretat integral.",,pending
eventbrite,som-connexio-33279256447,Som Connexió,,,pending
