event_id,event_name,status,image_url,event_start,event_end,venue,address,producer,producer_description,category,price,source_url,local_image
25941,2026 KIM SUNG KYU LIVE [LV4: LEAP to VECTOR] IN HO CHI MINH CITY,3,https://salt.tkbcdn.com/ts/ds/33/6d/87/f602a7f1ab5629ce982fc80c675dd5dc.jpg,2026-06-13T12:00:00Z,2026-06-13T15:00:00Z,C30 Hòa Bình,"Số 141 Bắc Hải, Phường Diên Hồng, Thành phố Hồ Chí Minh",WANXING ENTERTAINMENT,Updating,music,2500000,https://ticketbox.vn/2026-kim-sungkyu-in-hcm-25941,data_ticketbox\images\2026_KIM_SUNG_KYU_LIVE_LV4_LEAP_to_VECTOR_IN_HO_CHI_MINH_CITY.jpg
26166,AQUAFINA VIETNAM INTERNATIONAL FASHION WEEK XUÂN HÈ 2026,3,https://salt.tkbcdn.com/ts/ds/2e/c8/27/9fa5f626a8f318ad157a053b27953b68.png,2026-06-18T11:00:00Z,2026-06-21T15:00:00Z, Event,"116 Nguyễn Du, Phường Bến Thành, Thành phố Hồ Chí Minh",MULTIMEDIA JSC,"MULTIMEDIA JSC

Được thành lập vào năm 2005, Công ty Cổ phần Truyền thông Đa phương tiện Multimedia JSC đã nhanh chóng phát triển và trở thành một trong những công ty truyền thông và sản xuất chương trình truyền hình hàng đầu của Việt Nam. Với mạng lưới đối tác rộng khắp trên toàn cầu, Multimedia JSC đã và đang chứng minh vị thế, uy tín, chất lượng qua các chương trình do MultiMedia JSC sản xuất như: Vietnam’s Next Top Model, The Face Vietnam, Tuần Lễ Thời Trang Quốc Tế Việt Nam.",theatersandart,1000000,https://ticketbox.vn/aquafina-vietnam-fashion-week-26166,data_ticketbox\images\AQUAFINA_VIETNAM_INTERNATIONAL_FASHION_WEEK_XUÂN_HÈ_2026.jpg
26062,BASTILLE DAY 2026 ,3,https://salt.tkbcdn.com/ts/ds/ae/53/48/0e8d10e903fd9722fecf84283eee70c9.png,2026-07-14T12:00:00Z,2026-07-14T16:00:00Z,La Résidence de France,"Le Duan Gate, 6 Le Duan Street, Phường Sài Gòn, Thành phố Hồ Chí Minh",French Chamber of Commerce and Industry in Vietnam - CCIFV,"CCI France Vietnam (CCIFV) is the first French-Vietnamese business network. It is a non-profit association that brings together the vast majority of French organizations operating in Vietnam, along with numerous Vietnamese companies engaged in business with France.
CCIFV is part of the worldwide network of Chambers of Commerce and Industry France International (CCI France International), which brings together 120 chambers in 95 countries.",others,990000,https://ticketbox.vn/bastille-day-2026-26062,data_ticketbox\images\BASTILLE_DAY_2026_.jpg
26144,CẦN THƠ - VỞ DIỄN CON RỒNG CHÁU TIÊN - SÂN KHẤU MỚI,3,https://salt.tkbcdn.com/ts/ds/17/a2/72/164aeeba574ced9f8ff268a9a306fc49.jpeg,2026-06-14T02:00:00Z,2026-06-14T04:30:00Z,Hội trường Cửu Long - Trường ĐH Y Dược Cần Thơ,"179 Nguyễn Văn Cừ, Phường Tân An, Thành phố Cần Thơ",CÔNG TY TNHH WOLF ENTERTAINMENT,"Chịu trách nhiệm sản xuất
CÔNG TY TNHH WOLF ENTERTAINMENT
",theatersandart,99000,https://ticketbox.vn/can-tho-con-rong-chau-tien-26144,data_ticketbox\images\CẦN_THƠ_-_VỞ_DIỄN_CON_RỒNG_CHÁU_TIÊN_-_SÂN_KHẤU_MỚI.jpg
26140,CẦN THƠ - VỞ RA GIÊNG CHO CƯỚI HÔN? (MỘT CÁI NHÀ BA KIỂU TẾT) - SÂN KHẤU MỚI,3,https://salt.tkbcdn.com/ts/ds/df/de/05/2c5b24777ae3d438ab0d8c7e81bf2437.jpg,2026-06-12T12:00:00Z,2026-06-14T14:30:00Z,Hội trường Cửu Long - Trường ĐH Y Dược Cần Thơ,"179 Nguyễn Văn Cừ, Phường Tân An, Thành phố Cần Thơ",CÔNG TY TNHH WOLF ENTERTAINMENT,"Chịu trách nhiệm sản xuất
CÔNG TY TNHH WOLF ENTERTAINMENT
",theatersandart,200000,https://ticketbox.vn/can-tho-ra-gieng-cho-cuoi-hon-26140,data_ticketbox\images\CẦN_THƠ_-_VỞ_RA_GIÊNG_CHO_CƯỚI_HÔN_MỘT_CÁI_NHÀ_BA_KIỂU_TẾT_-_SÂN_KHẤU_MỚI.jpg
25948,City Sightseeing SaiGon: Xe Buýt 2 Tầng,3,https://salt.tkbcdn.com/ts/ds/a6/18/28/9baa03dfc80b3b56b6617fcf87083f8c.png,2026-06-11T02:00:00Z,2026-06-30T14:00:00Z,Đối diện Nhà hát Thành phố,"Số 7 Công Trường Lam Sơn, Phường Sài Gòn, Thành phố Hồ Chí Minh",VietNam Sightseeing,Đại lý Vé Xe Bus 2 tầng SightSeeing trải nghiệm Thành Phố cực đẹp từ trên cao.,attractionsexperiences,105000,https://ticketbox.vn/city-sightseeing-saigon-xe-buyt-2-tang-25948,data_ticketbox\images\City_Sightseeing_SaiGon_Xe_Buýt_2_Tầng.jpg
26061,The Dome Show #4: Mini Show Quang Hà - Ngỡ Như Trăm Năm,3,https://salt.tkbcdn.com/ts/ds/63/19/e1/4f19559365a6eab42abcaa391d8d7d53.jpg,2026-05-30T11:00:00Z,2026-05-30T15:00:00Z,Cảng Tàu Khách Quốc Tế Hạ Long,"Đường bao biển Bãi Cháy mới, Phường Bãi Cháy, Tỉnh Quảng Ninh",Dolphin HaLong Cruise,"Biểu tượng du thuyền giải trí all-in-one trong ngày đầu tiên trên Vịnh Hạ Long, tiên phong mang đến những trải nghiệm đẳng cấp, tinh tế và giàu cảm xúc.",music,1950000,https://ticketbox.vn/dome-of-the-sea-show-mini-show-quang-ha-ngo-nhu-tram-nam-26061,data_ticketbox\images\The_Dome_Show_4_Mini_Show_Quang_Hà_-_Ngỡ_Như_Trăm_Năm.jpg
26055,[GIẢM 50%] Nhạc Kịch Thiếu Nhi :HỘI BA BÀ TIÊN VÀ NÀNG CÔNG CHÚA BƯỚNG BỈNH,3,https://salt.tkbcdn.com/ts/ds/87/18/e5/db70ac9789a5036663283e39702caf00.jpg,2026-06-14T09:00:00Z,2026-06-27T14:31:00Z,Sân Khấu Quốc Thảo ,"70-72 Nguyễn Văn Trỗi, Phường Phú Nhuận, Thành phố Hồ Chí Minh",Sân Khấu Quốc Thảo,"Được thành lập vào năm 2017, biểu diễn nghệ thuật và đào tạo diễn viên",theatersandart,100000,https://ticketbox.vn/giam-50-nhac-kich-thieu-nhi-hoi-ba-ba-tien-va-nang-cong-chua-buong-binh-26055,data_ticketbox\images\GIẢM_50_Nhạc_Kịch_Thiếu_Nhi_HỘI_BA_BÀ_TIÊN_VÀ_NÀNG_CÔNG_CHÚA_BƯỚNG_BỈNH.jpg
26066,HOIANA SUMMER FEST - D'HOI,3,https://salt.tkbcdn.com/ts/ds/d7/ae/ff/8d264b8e028d8d426a42c2722c435270.png,2026-06-26T10:00:00Z,2026-06-26T15:00:00Z,"Beachfront, Hoiana Resort & Golf","Beachfront, Hoiana Resort & Golf, Xã Duy Nghĩa, Thành phố Đà Nẵng",M.A.B media,"M.A.B Media là đơn vị truyền thông và sản xuất sáng tạo chuyên cung cấp các giải pháp toàn diện về sự kiện, video production và xây dựng thương hiệu. Với đội ngũ giàu kinh nghiệm cùng tư duy sáng tạo hiện đại, M.A.B Media đồng hành cùng doanh nghiệp trong việc kiến tạo những trải nghiệm truyền thông khác biệt, từ các sự kiện quy mô lớn, lễ ra mắt sản phẩm, hội nghị khách hàng đến các dự án TVC, phim doanh nghiệp và nội dung số.",music,1600000,https://ticketbox.vn/hoiana-summer-fest-dhoi-26066,data_ticketbox\images\HOIANA_SUMMER_FEST_-_DHOI.jpg
26167,La MaiSon Du Chocolat: Cuộc Thi Làm Socola,3,https://salt.tkbcdn.com/ts/ds/7a/59/63/baa68411832686250f390ddbaf3cc6d2.jpg,2026-06-13T00:00:00Z,2026-06-28T10:00:00Z,Bảo tàng Sô cô la Việt Nam - La Maison Du Chocolat,"73/7, Phạm Hùng, Xã Bình Hưng, Thành phố Hồ Chí Minh",La Maison Du Chocolat,"Bảo tàng La Maison du Chocolat được thành lập dựa trên mô hình kết hợp trưng bày – trải nghiệm – ẩm thực – thương mại, nhằm tạo ra một không gian văn hóa sống động thay vì một bảo tàng tĩnh truyền thống. Giới thiệu văn hóa cacao Việt Nam: Truyền tải câu chuyện về cacao Việt – từ thổ nhưỡng đến con người. Đặc biệt, bảo tàng chú trọng giáo dục chuyên sâu cho du khách nước ngoài, giúp họ hiểu rõ hành trình di sản của cây cacao Việt Nam trên bản đồ thế giới, từ những bước chân đầu tiên của giống cây",seminarsworkshops,599000,https://ticketbox.vn/la-maison-du-chocolat-286-26167,data_ticketbox\images\La_MaiSon_Du_Chocolat_Cuộc_Thi_Làm_Socola.jpg
26080,Lasong Show 2 - Yêu Nhau Nửa Ngày,3,https://salt.tkbcdn.com/ts/ds/fa/b5/6b/320b7150c87713de3a8eae3e2286e09c.jpeg,2026-06-13T12:45:00Z,2026-06-13T15:00:00Z,Tổ hợp Đô thị biển & Nghỉ dưỡng tiêu chuẩn Quốc tế Vlasta - Sầm Sơn," Vlasta - Sầm Sơn, Đường 4D, Phường Nam Sầm Sơn, Tỉnh Thanh Hóa",THE SOCIALITE,"THE SOCIALITE - ĐƠN VỊ TỔ CHỨC MINISHOW “YÊU NHAU NỬA NGÀY”
Đêm nhạc “Yêu Nhau Nửa Ngày” được thực hiện bởi The Socialite, đơn vị hoạt động trong lĩnh vực tổ chức sự kiện, giải trí và sản xuất các trải nghiệm nghệ thuật dành cho cộng đồng yêu âm nhạc.
Với định hướng mang đến những chương trình chỉn chu về cảm xúc và trải nghiệm, The Socialite mong muốn cùng LASONG tạo nên một đêm nhạc đáng nhớ tại Thanh Hóa trong mùa hè này.",music,550000,https://ticketbox.vn/lasong-show-2-yeu-nhau-nua-ngay-26080,data_ticketbox\images\Lasong_Show_2_-_Yêu_Nhau_Nửa_Ngày.jpg
25973,"Liveshow Góc Ban Công: Vệt nắng - TUẤN HƯNG, QUẢ DƯA HẤU, LỆ QUYÊN, PHÚC TIỆP, ĐĂNG KHÔI, HÀ ANH,...",3,https://salt.tkbcdn.com/ts/ds/52/96/35/b73cf6db01fa3541951377c518182f15.jpg,2026-06-13T13:00:00Z,2026-06-13T15:00:00Z,Hội trường Trung tâm Văn hoá Thể thao Quần Ngựa,"số 55, Đốc Ngữ, Phường Ngọc Hà, Thành phố Hà Nội",Absolute Media,"Absolute Media là đơn vị tổ chức sự kiện và sản xuất truyền thông hàng đầu. Cung cấp giải pháp toàn diện trong tổ chức sự kiện và sản xuất nội dung truyền thông, đảm bảo tính chuyên nghiệp, chính xác và sáng tạo từ giai đoạn ý tưởng đến hiện thực. 

Absolute Media là đơn vị tổ chức các sự kiện âm nhạc, giải trí nổi bật như Live Concert Giao Hưởng Mùa Yêu, League of Legends Esports, Festival Ninh Bình 2025,..",theatersandart,1500000,https://ticketbox.vn/liveshow-goc-ban-cong-25973,data_ticketbox\images\Liveshow_Góc_Ban_Công_Vệt_nắng_-_TUẤN_HƯNG_QUẢ_DƯA_HẤU_LỆ_QUYÊN_PHÚC_TIỆP_ĐĂNG_KHÔI_HÀ_ANH.jpg
26070,"LIVESHOW SECRET GARDEN - THE GATE: Quốc Thiên, Lân Nhã, Phương Linh",3,https://salt.tkbcdn.com/ts/ds/e8/03/ec/b47077017ba5432b28e2394a623df41d.png,2026-08-02T13:00:00Z,2026-08-02T15:00:00Z,NHÀ HÁT HỒ GƯƠM,"Số 40 Hàng Bài, Phường Cửa Nam, Thành phố Hà Nội",BLUE AQUARIUM,Touching Emotions - Creating Value,music,1500000,https://ticketbox.vn/liveshow-secret-garden-the-gate-quoc-thien-lan-nha-phuong-linh-26070,data_ticketbox\images\LIVESHOW_SECRET_GARDEN_-_THE_GATE_Quốc_Thiên_Lân_Nhã_Phương_Linh.jpg
26142,Regal Fountain - Show Nhạc Nước Thực Cảnh 3D Mapping Nước Mắt Và Hoan Ca - Nỗi Đau Giữa Hòa Bình,3,https://salt.tkbcdn.com/ts/ds/79/cc/eb/446a8559394e08c78a10c48fefdfe116.png,2026-06-13T12:30:00Z,2026-06-13T14:30:00Z,Regal Legend ,"Võ Nguyên Giáp, Phường Đồng Hới, Tỉnh Quảng Trị",REGAL GROUP,"Regal Group là thương hiệu bất động sản hạng sang hàng đầu Việt Nam, tiên phong kiến tạo những kiệt tác kiến trúc độc bản, hội tụ tinh hoa di sản văn hóa bản địa với chuẩn mực đẳng cấp quốc tế lần đầu tiên có mặt tại Việt Nam.",theatersandart,100000,https://ticketbox.vn/regal-fountain-noi-dau-giua-hoa-binh-26142,data_ticketbox\images\Regal_Fountain_-_Show_Nhạc_Nước_Thực_Cảnh_3D_Mapping_Nước_Mắt_Và_Hoan_Ca_-_Nỗi_Đau_Giữa_Hòa_Bình.jpg
26153,Regal Fountain - Show Nhạc Nước Thực Cảnh 3D Mapping Huyền Sử Miền Di Sản - Theo Dòng Mở Cỏi,3,https://salt.tkbcdn.com/ts/ds/00/e1/5d/1331406e29f0a6aabb1fd559ac6289b1.png,2026-06-27T12:30:00Z,2026-06-27T14:30:00Z,Online Event,,REGAL GROUP,"Regal Group là thương hiệu bất động sản hạng sang hàng đầu Việt Nam, tiên phong kiến tạo những kiệt tác kiến trúc độc bản, hội tụ tinh hoa di sản văn hóa bản địa với chuẩn mực đẳng cấp quốc tế lần đầu tiên có mặt tại Việt Nam.",theatersandart,100000,https://ticketbox.vn/regal-fountain-theo-dong-mo-coi-26153,data_ticketbox\images\Regal_Fountain_-_Show_Nhạc_Nước_Thực_Cảnh_3D_Mapping_Huyền_Sử_Miền_Di_Sản_-_Theo_Dòng_Mở_Cỏi.jpg
26118,RE: START in HỒ CHÍ MINH - FAN MEETING,3,https://salt.tkbcdn.com/ts/ds/b8/e6/90/77a78a64472bba641717d71ea7a02a04.jpg,2026-07-04T11:00:00Z,2026-07-04T13:00:00Z,Công viên Bờ sông Sài Gòn,"16 Bis, Nguyễn Thị Thành, Phường An Khánh, Thành phố Hồ Chí Minh",ARCHER MEDIA,ARCHER MEDIA,others,1000000,https://ticketbox.vn/restart-in-ho-chi-minh-26118,data_ticketbox\images\RE_START_in_HỒ_CHÍ_MINH_-_FAN_MEETING.jpg
25892,LIVESHOW SECRET GARDEN - HÀ NHI,3,https://salt.tkbcdn.com/ts/ds/9e/13/bc/7eccbd6472c9f61ede97c52cc0ac7bdf.jpeg,2026-07-11T13:00:00Z,2026-07-11T16:00:00Z,Cung Văn hóa Lao động Hữu nghị Việt - Xô,"91 Trần Hưng Đạo, Phường Cửa Nam, Thành phố Hà Nội",BLUE AQUARIUM,Touching Emotions - Creating Value,music,1000000,https://ticketbox.vn/secret-garden-ha-nhi-25892,data_ticketbox\images\LIVESHOW_SECRET_GARDEN_-_HÀ_NHI.jpg
26155,"The Dome Show: Đêm Nhạc "" Mộng Giai Nhân "" - Văn Mai Hương",3,https://salt.tkbcdn.com/ts/ds/c1/be/47/d57c55190ddbb973eb401548f6dc7000.jpg,2026-06-20T11:00:00Z,2026-06-20T15:00:00Z,Cảng Tàu Khách Quốc Tế Hạ Long,"Đường bao biển Bãi Cháy mới, Phường Bãi Cháy, Tỉnh Quảng Ninh",Dolphin HaLong Cruise,"Biểu tượng du thuyền giải trí all-in-one trong ngày đầu tiên trên Vịnh Hạ Long, tiên phong mang đến những trải nghiệm đẳng cấp, tinh tế và giàu cảm xúc.",music,1950000,https://ticketbox.vn/the-dome-show-dem-nhac-mong-giai-nhan-van-mai-huong-26155,data_ticketbox\images\The_Dome_Show_Đêm_Nhạc_Mộng_Giai_Nhân_-_Văn_Mai_Hương.jpg
26114,VBA 2026 - HOME GAME OF CANTHO CATFISH,3,https://salt.tkbcdn.com/ts/ds/e3/eb/cc/4510678cef5ef5c7f960b3526dc15cbd.jpg,2026-06-26T12:30:00Z,2026-08-02T14:30:00Z,Hồ Xuân Hương Arena,"Số 2 Hồ Xuân Hương, Phường Xuân Hòa, Thành phố Hồ Chí Minh",CÔNG TY TNHH BÓNG RỔ CẦN THƠ,"Thành lập năm 2016 tại Cần Thơ, Cantho Catfish là đội bóng rổ chuyên nghiệp mang đậm bản sắc miền Tây, với linh vật Cá Basa tượng trưng cho tinh thần mạnh mẽ, bền bỉ và khát vọng vươn lên. Sau 10 mùa giải VBA, đội khẳng định vị thế hàng đầu với 3 lần vào Chung kết liên tiếp giai đoạn 2017–2019 và chức vô địch năm 2018. Mùa 2024, Cantho Catfish trở lại ấn tượng với ngôi Á quân VBA và tiếp tục vào Playoffs mùa 2025 ở vị trí Top 3.",sport,100000,https://ticketbox.vn/vba-2026-home-game-of-cantho-catfish-26114,data_ticketbox\images\VBA_2026_-_HOME_GAME_OF_CANTHO_CATFISH.jpg
25621,VIETCHARM: KHI DI SẢN HÓA VŨ ĐIỆU - Live The Legacy,3,https://salt.tkbcdn.com/ts/ds/37/09/1b/37eb37afd75c6bf97630896936905730.jpg,2026-06-11T05:00:00Z,2026-06-21T13:30:00Z,Khuôn viên Dinh Độc Lập,"108 Nguyễn Du, Phường Sài Gòn, Thành phố Hồ Chí Minh",VIETCHARM,VIETCHARM,theatersandart,1600000,https://ticketbox.vn/vietcharm-khi-di-san-hoa-vu-dieu-25621,data_ticketbox\images\VIETCHARM_KHI_DI_SẢN_HÓA_VŨ_ĐIỆU_-_Live_The_Legacy.jpg
24680,1900 FUTURE HITS #73: JUN PHẠM & BB TRẦN | FRIDAY 22.08.2025,3,https://salt.tkbcdn.com/ts/ds/a9/a5/82/b955c3c5333a8921a9e89320d68564ef.jpg,2025-08-22T14:00:00Z,2025-08-22T18:00:00Z,1900 Le Théâtre,"8B Tạ Hiện, Phường Hàng Buồm, Quận Hoàn Kiếm, Thành Phố Hà Nội",1900 Le Théâtre,"1900 Le Théâtre là điểm đến quen thuộc để giải trí cuối tuần, là nơi tụ tập của những người yêu nghệ thuật. Không chỉ nổi tiếng trong giới trẻ thủ đô, 1900 còn là thương hiệu nightlife thời thượng với các trang fan hâm mộ trên Facebook, Instagram, TikTok với hơn 800.000 người theo dõi, khẳng định vị trí số 1 ngành Nightlife tại Việt Nam. Năm 2023, 1900 đứng thứ 40 trong danh sách Top 100 Club của tạp chí nổi tiếng DJ Mag, là đại diện duy nhất của Việt Nam trong danh sách này.",music,950000,https://ticketbox.vn/1900-future-hits-73-jun-pham-bb-tran-friday-22082025-24680,data_ticketbox\images\24680_1900_FUTURE_HITS_73_JUN_PHẠM_BB_TRẦN_FRIDAY_22082025.jpg
24392,[2nd Launch] SOOBIN LIVE CONCERT: ALL-ROUNDER | OFFICIAL MERCHANDISE COLLECTION,3,https://salt.tkbcdn.com/ts/ds/4f/96/23/42fe5a2dcd9654fca4b6808fae93fb98.png,2025-06-18T06:00:00Z,2025-06-18T07:00:00Z,,,Đối tác sản xuất của SSL,Updating…,others,699000,https://ticketbox.vn/2nd-launch-soobin-live-concert-all-rounder-official-merchandise-collection-24392,data_ticketbox\images\24392_2nd_Launch_SOOBIN_LIVE_CONCERT_ALL-ROUNDER_OFFICIAL_MERCHANDISE_COLLECTION.png
24562,8WONDER SUMMER 2025: MOMENTS OF WONDER,3,https://salt.tkbcdn.com/ts/ds/c7/f4/e4/6b54aeb398788b020d65f7f560f960d0.jpg,2025-08-23T13:00:00Z,2025-08-23T16:00:00Z,Trung tâm Triển lãm Việt Nam,"Đường Cầu Tứ Liên, Xã Đông Hội, Huyện Đông Anh, Thành Phố Hà Nội",VINPEARL,The leading hospitality brand in Vietnam with luxury hotels &amp; resorts in Vietnam&#39;s top destinations.,music,2500000,https://ticketbox.vn/8wonder-2025-24562,data_ticketbox\images\24562_8WONDER_SUMMER_2025_MOMENTS_OF_WONDER.jpg
25742,"ANH TRAI ""SAY HI"" CONCERT - DAY 9",3,https://salt.tkbcdn.com/ts/ds/da/85/17/b6ffb722910203a125c0fd062b52d242.jpeg,2026-04-18T05:00:00Z,2026-04-18T16:00:00Z,Khu Đô Thị Vạn Phúc City,"Khu Đô Thị Vạn Phúc, Phường Hiệp Bình, Thành phố Hồ Chí Minh",Vie Channel,VieChannel: Đơn vị sản xuất,music,1000000,https://ticketbox.vn/anh-trai-say-hi-mua-1-day9-25742,data_ticketbox\images\25742_ANH_TRAI_SAY_HI_CONCERT_-_DAY_9.jpeg
23076,Anh Trai Vượt Ngàn Chông Gai Concert 2024,3,https://salt.tkbcdn.com/ts/ds/79/87/b5/d594166cd9bc900a7acfbe3834c82d24.png,2024-10-19T12:00:00Z,2024-10-19T16:00:00Z,"RavoPark, Metropole Thủ Thiêm ","10 Lương Định Của, Phường An Khánh, Quận 2, Thành Phố Hồ Chí Minh",YeaH1 Group x 1Production,YeaH1 Group x 1Production,music,800000,https://ticketbox.vn/anh-trai-vuot-ngan-chong-gai-concert-23076,data_ticketbox\images\23076_Anh_Trai_Vượt_Ngàn_Chông_Gai_Concert_2024.png
26083,[BẾN THÀNH] Đêm nhạc Anh Tú - Special Guest: Đông Nhi,3,https://salt.tkbcdn.com/ts/ds/59/2c/a3/a7ab338e0474d75e22daadb433786a63.jpg,2026-06-20T13:00:00Z,2026-06-20T15:00:00Z,"Lầu 3, Nhà hát Bến Thành","Số 6 Mạc Đĩnh Chi, Phường Sài Gòn, Thành phố Hồ Chí Minh",Bến Thành,Updating...,music,300000,https://ticketbox.vn/anh-tu-special-guest-dong-nhi-26083,data_ticketbox\images\26083_BẾN_THÀNH_Đêm_nhạc_Anh_Tú_-_Special_Guest_Đông_Nhi.jpg
24490,BẠN TẶNG VÉ - SUBICHA TẶNG QUÀ ,3,https://salt.tkbcdn.com/ts/ds/8f/a5/5a/3552196635005d6c743afcfd692fa73d.png,2025-06-26T13:00:00Z,2025-07-10T17:00:00Z,,,Subicha ,"Subicha là nhân viên bắt vé của Ticketbox, Subicha có ước mơ trở thành ca sĩ, hãy ủng hộ Subicha ",others,0,https://ticketbox.vn/ban-tang-ve-subicha-tang-qua-24490,data_ticketbox\images\24490_BẠN_TẶNG_VÉ_-_SUBICHA_TẶNG_QUÀ.png
25863,[BẾN THÀNH] Chân Dung Người Lạ - QUỐC THIÊN,3,https://salt.tkbcdn.com/ts/ds/6a/ea/ed/57cf0a5626a922dedf1a61d73f9f169d.jpg,2026-05-10T13:00:00Z,2026-05-10T15:00:00Z,"Lầu 1, Nhà hát Bến Thành","Số 6 Mạc Đĩnh Chi, Phường Sài Gòn, Thành phố Hồ Chí Minh",Bến Thành,Updating...,music,800000,https://ticketbox.vn/ben-thanh-chan-dung-nguoi-la-quoc-thien-25863,data_ticketbox\images\25863_BẾN_THÀNH_Chân_Dung_Người_Lạ_-_QUỐC_THIÊN.jpg
26159,[BẾN THÀNH] Đêm nhạc Hiền Thục - Bạch Công Khanh,3,https://salt.tkbcdn.com/ts/ds/c4/c1/cb/03ba1c45effd5fea992b92a73a8624a1.jpg,2026-06-26T13:00:00Z,2026-06-26T15:00:00Z,"Lầu 3, Nhà hát Bến Thành","Số 6 Mạc Đĩnh Chi, Phường Sài Gòn, Thành phố Hồ Chí Minh",Bến Thành,Updating...,music,500000,https://ticketbox.vn/ben-thanh-dem-nhac-hien-thuc-bach-cong-khanh-26159,data_ticketbox\images\26159_BẾN_THÀNH_Đêm_nhạc_Hiền_Thục_-_Bạch_Công_Khanh.jpg
26133,[BẾN THÀNH] Đêm nhạc Hoài Lâm - Special Guest: Thanh Tú,3,https://salt.tkbcdn.com/ts/ds/49/0a/e0/3f216efbfc7bc38d1866a3d648a5e302.jpg,2026-06-27T13:00:00Z,2026-06-27T15:00:00Z,"Lầu 3, Nhà hát Bến Thành","Số 6 Mạc Đĩnh Chi, Phường Sài Gòn, Thành phố Hồ Chí Minh",Bến Thành,Updating...,music,500000,https://ticketbox.vn/ben-thanh-dem-nhac-hoai-lam-special-guest-thanh-tu-26133,data_ticketbox\images\26133_BẾN_THÀNH_Đêm_nhạc_Hoài_Lâm_-_Special_Guest_Thanh_Tú.jpg
26132,[BẾN THÀNH] Đêm nhạc Nguyễn Kiều Oanh's Birthday - Special Guest: Phương Phương Thảo - Bùi Duy Ngọc,3,https://salt.tkbcdn.com/ts/ds/a5/64/94/9c23df374f07fc77203a0ba5fcb86575.jpg,2026-06-16T13:00:00Z,2026-06-16T15:00:00Z,"Lầu 3, Nhà hát Bến Thành","Số 6 Mạc Đĩnh Chi, Phường Sài Gòn, Thành phố Hồ Chí Minh",Bến Thành,Updating...,music,200000,https://ticketbox.vn/ben-thanh-dem-nhac-nguyen-kieu-oanhs-birthday-specialguest-phuong-phuong-thao-bu-26132,data_ticketbox\images\26132_BẾN_THÀNH_Đêm_nhạc_Nguyễn_Kiều_Oanhs_Birthday_-_Special_Guest_Phương_Phương_Thảo_-_Bùi_Duy_Ngọc.jpg
26158,[BẾN THÀNH] Đêm nhạc Phương Linh - Phan Mạnh Quỳnh,3,https://salt.tkbcdn.com/ts/ds/3a/3e/50/39be6b5741d311be4d387720fa29cabd.jpg,2026-06-11T13:00:00Z,2026-06-11T15:00:00Z,"Lầu 3, Nhà hát Bến Thành","Số 6 Mạc Đĩnh Chi, Phường Sài Gòn, Thành phố Hồ Chí Minh",Bến Thành,Updating...,music,500000,https://ticketbox.vn/ben-thanh-dem-nhac-phuong-linh-phan-manh-quynh-26158,data_ticketbox\images\26158_BẾN_THÀNH_Đêm_nhạc_Phương_Linh_-_Phan_Mạnh_Quỳnh.jpg
26145,[BẾN THÀNH] Đêm nhạc Đỗ Hoàng Hiệp - Hà Lê - Huy R,3,https://salt.tkbcdn.com/ts/ds/d1/a9/a2/98a2d09c2a83979fe781080b72f50e0d.jpg,2026-07-09T13:00:00Z,2026-07-09T15:00:00Z,"Lầu 3, Nhà hát Bến Thành","Số 6 Mạc Đĩnh Chi, Phường Sài Gòn, Thành phố Hồ Chí Minh",Bến Thành,Updating...,music,300000,https://ticketbox.vn/ben-thanh-do-hoang-hiep-ha-le-huy-r-26145,data_ticketbox\images\26145_BẾN_THÀNH_Đêm_nhạc_Đỗ_Hoàng_Hiệp_-_Hà_Lê_-_Huy_R.jpg
26128,[BẾN THÀNH] Đêm nhạc Lâm Bảo Ngọc - Hoàng Hải,3,https://salt.tkbcdn.com/ts/ds/a3/9f/e1/8331b0c7f893dc76a3d0c49f4055906d.jpg,2026-06-03T13:00:00Z,2026-06-03T15:00:00Z,"Lầu 3, Nhà hát Bến Thành","Số 6 Mạc Đĩnh Chi, Phường Sài Gòn, Thành phố Hồ Chí Minh",Bến Thành,Updating...,music,600000,https://ticketbox.vn/ben-thanh-lam-bao-ngoc-hoang-hai-26128,data_ticketbox\images\26128_BẾN_THÀNH_Đêm_nhạc_Lâm_Bảo_Ngọc_-_Hoàng_Hải.jpg
26134,[BẾN THÀNH] Đêm Nhạc Thái Lê Minh Hiếu - Hồ Đông Quan - Swan,3,https://salt.tkbcdn.com/ts/ds/e5/fe/b7/33efa622db34102a4b0d9899c0e0511d.jpg,2026-06-25T13:00:00Z,2026-06-25T15:00:00Z,"Lầu 3, Nhà hát Bến Thành","Số 6 Mạc Đĩnh Chi, Phường Sài Gòn, Thành phố Hồ Chí Minh",Bến Thành,Updating...,music,300000,https://ticketbox.vn/ben-thanh-thai-le-minh-hieu-ho-dong-quan-swan-26134,data_ticketbox\images\26134_BẾN_THÀNH_Đêm_Nhạc_Thái_Lê_Minh_Hiếu_-_Hồ_Đông_Quan_-_Swan.jpg
26131,[BẾN THÀNH] Đêm nhạc Thùy Chi - Nguyễn Hùng,3,https://salt.tkbcdn.com/ts/ds/2c/a3/ea/c298381f9c87b1fb507c4f4be97c0779.jpg,2026-06-04T13:00:00Z,2026-06-04T15:00:00Z,"Lầu 3, Nhà hát Bến Thành","Số 6 Mạc Đĩnh Chi, Phường Sài Gòn, Thành phố Hồ Chí Minh",Bến Thành,Updating...,music,1000000,https://ticketbox.vn/ben-thanh-thuy-chi-nguyen-hung-26131,data_ticketbox\images\26131_BẾN_THÀNH_Đêm_nhạc_Thùy_Chi_-_Nguyễn_Hùng.jpg
25148,[BẾN THÀNH] Đêm nhạc Tăng Phúc - Special Guest: Hamlet Trương,3,https://salt.tkbcdn.com/ts/ds/0a/0c/70/8742a38e91543634983fd2ac66cc490c.jpg,2025-11-21T13:00:00Z,2025-11-21T15:00:00Z,"Lầu 3, Nhà hát Bến Thành","Số 6 Mạc Đĩnh Chi, Phường Bến Nghé, Quận 1, Thành Phố Hồ Chí Minh",Bến Thành,Updating...,music,300000,https://ticketbox.vn/benthanh-2111-25148,data_ticketbox\images\25148_BẾN_THÀNH_Đêm_nhạc_Tăng_Phúc_-_Special_Guest_Hamlet_Trương.jpg
25534,[BẾN THÀNH] Đêm nhạc Quốc Thiên,3,https://salt.tkbcdn.com/ts/ds/bf/19/af/32307df7c4c4530e229b28a1b4cd912b.jpg,2026-01-28T13:00:00Z,2026-01-28T15:00:00Z,"Lầu 3, Nhà hát Bến Thành","Số 6 Mạc Đỉnh Chi, Phường Bến Nghé, Quận 1, Thành Phố Hồ Chí Minh",Bến Thành,Updating...,music,600000,https://ticketbox.vn/benthanh-280126-25534,data_ticketbox\images\25534_BẾN_THÀNH_Đêm_nhạc_Quốc_Thiên.jpg
25868,[CAT&MOUSE] CA SĨ ÁI PHƯƠNG + QUANG ĐĂNG TRẦN,3,https://salt.tkbcdn.com/ts/ds/4f/4d/31/ae7773d4af5cc0c48fc4725dee18a4c8.png,2026-04-25T13:00:00Z,2026-04-25T16:00:00Z,Cat&Mouse Live Music,"37B Phạm Ngọc Thạch, Phường Xuân Hòa, Thành phố Hồ Chí Minh",Cat&Mouse Live Music,Phòng trà Cat&amp;Mouse Live Music,music,600000,https://ticketbox.vn/catmouse-ca-si-ai-phuong-quang-dang-tran-25868,data_ticketbox\images\25868_CATMOUSE_CA_SĨ_ÁI_PHƯƠNG_QUANG_ĐĂNG_TRẦN.png
25501,[CAT&MOUSE] Ca sĩ Đàm Vĩnh Hưng + Khách mời Harold + Vũ Hà + Quân Phạm,3,https://salt.tkbcdn.com/ts/ds/4f/0e/a3/3d934276081b4771ba823b4ad6ee5599.png,2026-01-31T13:00:00Z,2026-01-31T16:00:00Z,Cat&Mouse Live Music,"37B Phạm Ngọc Thạch, Phường Võ Thị Sáu, Quận 3, Thành Phố Hồ Chí Minh",Cat&Mouse Live Music,Phòng trà Cat&amp;Mouse Live Music,music,500000,https://ticketbox.vn/catmouse-ca-si-dam-vinh-hung-khach-moi-harold-vu-ha-quan-pham-25501,data_ticketbox\images\25501_CATMOUSE_Ca_sĩ_Đàm_Vĩnh_Hưng_Khách_mời_Harold_Vũ_Hà_Quân_Phạm.png
25596,[CAT&MOUSE] CA SĨ HIỀN HỒ + KHÁCH MỜI ANH KHANG,3,https://salt.tkbcdn.com/ts/ds/4f/0e/a3/9be7c56aab7635f612fe4f72627d6eeb.png,2026-02-28T13:00:00Z,2026-02-28T16:00:00Z,Cat&Mouse Live Music,"37B Phạm Ngọc Thạch, Phường Võ Thị Sáu, Quận 3, Thành Phố Hồ Chí Minh",Cat&Mouse Live Music,Phòng trà Cat&amp;Mouse Live Music,music,800000,https://ticketbox.vn/catmouse-ca-si-hien-ho-khach-moi-anh-khang-25596,data_ticketbox\images\25596_CATMOUSE_CA_SĨ_HIỀN_HỒ_KHÁCH_MỜI_ANH_KHANG.png
25435,[CAT&MOUSE] CA SĨ HOÀI LÂM + CA SĨ THANH HẰNG,3,https://salt.tkbcdn.com/ts/ds/88/8a/4d/1ce3df15b620da1ce5eec0bdba13fc5b.png,2026-01-10T13:00:00Z,2026-01-10T16:00:00Z,Cat&Mouse Live Music,"37B Phạm Ngọc Thạch, Phường Võ Thị Sáu, Quận 3, Thành Phố Hồ Chí Minh",Cat&Mouse Live Music,Phòng trà Cat&amp;Mouse Live Music,music,800000,https://ticketbox.vn/catmouse-ca-si-hoai-lam-ca-si-thanh-hang-25435,data_ticketbox\images\25435_CATMOUSE_CA_SĨ_HOÀI_LÂM_CA_SĨ_THANH_HẰNG.png
25499,[CAT&MOUSE] Ca sĩ Phương Thanh + Ban nhạc Microwave,3,https://salt.tkbcdn.com/ts/ds/88/8a/4d/53d178603e5f11bf5fb57cf270ae343f.png,2026-01-30T13:00:00Z,2026-01-30T16:00:00Z,Cat&Mouse Live Music,"37B Phạm Ngọc Thạch, Phường Võ Thị Sáu, Quận 3, Thành Phố Hồ Chí Minh",Cat&Mouse Live Music,Phòng trà Cat&amp;Mouse Live Music,music,500000,https://ticketbox.vn/catmouse-ca-si-phuong-thanh-ban-nhac-microwave-25499,data_ticketbox\images\25499_CATMOUSE_Ca_sĩ_Phương_Thanh_Ban_nhạc_Microwave.png
25637,[CAT&MOUSE] CA SĨ TRỊNH NAM SƠN + CA SĨ GIANG HỒNG NGỌC,3,https://salt.tkbcdn.com/ts/ds/4f/0e/a3/621cddd645109a59830664400beb4a52.png,2026-02-20T13:00:00Z,2026-02-20T16:00:00Z,Cat&Mouse Live Music,"37B Phạm Ngọc Thạch, Phường Võ Thị Sáu, Quận 3, Thành Phố Hồ Chí Minh",Cat&Mouse Live Music,Phòng trà Cat&amp;Mouse Live Music,music,500000,https://ticketbox.vn/catmouse-ca-si-trinh-nam-son-ca-si-giang-hong-ngoc-25637,data_ticketbox\images\25637_CATMOUSE_CA_SĨ_TRỊNH_NAM_SƠN_CA_SĨ_GIANG_HỒNG_NGỌC.png
25833,[CAT&MOUSE] CA SĨ TRUNG QUÂN + CA SĨ MYRA TRẦN,3,https://salt.tkbcdn.com/ts/ds/4f/4d/31/3dc070b84d5e2be13d5fa15ed7cd4053.png,2026-05-02T13:00:00Z,2026-05-02T16:00:00Z,Cat&Mouse Live Music,"37B Phạm Ngọc Thạch, Phường Xuân Hòa, Thành phố Hồ Chí Minh",Cat&Mouse Live Music,Phòng trà Cat&amp;Mouse Live Music,music,1200000,https://ticketbox.vn/catmouse-ca-si-trung-quan-ca-si-myra-tran-25833,data_ticketbox\images\25833_CATMOUSE_CA_SĨ_TRUNG_QUÂN_CA_SĨ_MYRA_TRẦN.png
25432,[CAT&MOUSE] NHÓM NHẠC THE MEN,3,https://salt.tkbcdn.com/ts/ds/88/8a/4d/88fd948f5607b9a71a8444eb917a7ce6.png,2026-01-03T13:00:00Z,2026-01-03T16:00:00Z,Cat&Mouse Live Music,"37B Phạm Ngọc Thạch, Phường Võ Thị Sáu, Quận 3, Thành Phố Hồ Chí Minh",Cat&Mouse Live Music,Phòng Trà Cat&amp;Mouse,music,600000,https://ticketbox.vn/catmouse-nhom-nhac-the-men-25432,data_ticketbox\images\25432_CATMOUSE_NHÓM_NHẠC_THE_MEN.png
25919,[CAT&MOUSE] THÀNH VÁ + KHÁCH MỜI HIẾU MINH,3,https://salt.tkbcdn.com/ts/ds/4f/4d/31/9bffe748acb72e19f3fe25cf18d90ee6.png,2026-05-16T13:00:00Z,2026-05-16T16:00:00Z,Cat&Mouse Live Music,"37B Phạm Ngọc Thạch, Phường Xuân Hòa, Thành phố Hồ Chí Minh",Cat&Mouse Live Music,Phòng trà Cat&amp;Mouse Live Music,music,600000,https://ticketbox.vn/catmouse-thanh-va-khach-moi-hieu-minh-25919,data_ticketbox\images\25919_CATMOUSE_THÀNH_VÁ_KHÁCH_MỜI_HIẾU_MINH.png
23787,[CONCERT] CHỊ ĐẸP 12.04.2025,3,https://salt.tkbcdn.com/ts/ds/fb/0f/0c/e48bd2a83fd262ddfc5265a043ca2524.jpg,2025-04-12T12:00:00Z,2025-04-12T16:00:00Z,The Global City,"Đỗ Xuân Hợp, Tp Thủ Đức, Phường An Phú, Quận 2, Thành Phố Hồ Chí Minh",YEAH 1 x 1PRODUCTION,YEAH 1 x 1PRODUCTION,music,800000,https://ticketbox.vn/chi-dep-12-04-2025-23787,data_ticketbox\images\23787_CONCERT_CHỊ_ĐẸP_12042025.jpg
26093,[Hồ Chí Minh] CHUỖI LỚP YOGA: TRỞ VỀ VỚI YOGA NGUYÊN BẢN,3,https://salt.tkbcdn.com/ts/ds/94/bc/c6/08ef01a4a7476c00b9ea1803de2d5ec4.png,2026-06-21T01:15:00Z,2026-06-21T11:45:00Z,California Fitness and Yoga Thảo Điền Pearl," 12 Quốc Hương, Phường An Khánh, Thành phố Hồ Chí Minh",California Fitness and Yoga,"Thương hiệu thể hình và chăm sóc sức khỏe đầu tiên và lớn nhất tại Việt Nam. Được thành lập từ năm 2007, với hơn 18 năm kinh nghiệm, thương hiệu đã và đang phục vụ hơn 250.000 hội viên và mang đến 12.000.000 lượt tập luyện mỗi năm. ​
Với hơn 30 câu lạc bộ trải dài khắp cả nước, California không chỉ là một phòng Gym, mà còn là điểm đến phong cách sống, nơi hội viên trải nghiệm đa dạng các bộ môn Yoga, Pilates, GroupX, HYROX kết hợp thư giãn phục hồi chuyên sâu.​",seminarsworkshops,350000,https://ticketbox.vn/chuoi-lop-hoc-yoga-tro-ve-voi-yoga-nguyen-ban-26093,data_ticketbox\images\26093_Hồ_Chí_Minh_CHUỖI_LỚP_YOGA_TRỞ_VỀ_VỚI_YOGA_NGUYÊN_BẢN.png
23524,CITY TẾT FEST - BỘ SƯU TẬP LOUD XAO MANG TẾT VỀ NHÀ,3,https://salt.tkbcdn.com/ts/ds/6f/ca/c8/2dc2af13a83ff5356df1bfb521eabab7.png,2024-12-31T11:30:00Z,2024-12-31T17:00:00Z,Công Viên Bờ Sông Sài Gòn,"Phường Thủ Thiêm, Quận Thủ Đức, Thành Phố Hồ Chí Minh",City Tết Fest,City Tết Fest,music,600000,https://ticketbox.vn/city-tet-fest-23524,data_ticketbox\images\23524_CITY_TẾT_FEST_-_BỘ_SƯU_TẬP_LOUD_XAO_MANG_TẾT_VỀ_NHÀ.png
23583,"[CONCERT] ANH TRAI VƯỢT NGÀN CHÔNG GAI DAY3, DAY4",3,https://salt.tkbcdn.com/ts/ds/92/72/1e/f512ada4512f5f41ec44723925e84c38.png,2025-03-23T12:00:00Z,2025-03-23T16:00:00Z,THE GLOBAL CITY,"Đỗ Xuân Hợp, TP. Thủ Đức, Phường An Phú, Quận 2, Thành Phố Hồ Chí Minh",Techcombank x YeaH1 Group x 1Production ,Techcombank x YeaH1 Group x 1Production,music,800000,https://ticketbox.vn/concert-anh-trai-vuot-ngan-chong-gai-day3-day4-23583,data_ticketbox\images\23583_CONCERT_ANH_TRAI_VƯỢT_NGÀN_CHÔNG_GAI_DAY3_DAY4.png
24069,"[CONCERT] ANH TRAI VƯỢT NGÀN CHÔNG GAI DAY5, DAY6",3,https://salt.tkbcdn.com/ts/ds/23/f2/8c/da6aee269301e6142fafc511a801be51.jpg,2025-06-15T11:00:00Z,2025-06-15T16:00:00Z,VINHOMES OCEAN PARK 3,"Vinhomes Ocean Park 3, Xã Nghĩa Trụ, Huyện Văn Giang, Tỉnh Hưng Yên",YEAH1 x 1PRODUCTION x TECHCOMBANK,YEAH1 X 1PRODUCTION X TECHCOMBANK,music,800000,https://ticketbox.vn/concert-anh-trai-vuot-ngan-chong-gai-day5-day6-24069,data_ticketbox\images\24069_CONCERT_ANH_TRAI_VƯỢT_NGÀN_CHÔNG_GAI_DAY5_DAY6.jpg
24505,"[CONCERT ENCORE] ANH TRAI VƯỢT NGÀN CHÔNG GAI DAY7, DAY8",3,https://salt.tkbcdn.com/ts/ds/39/73/a8/28010109be7d4dea1121714d90cd803e.png,2025-09-07T11:30:00Z,2025-09-07T16:00:00Z,The Global City,"Đỗ Xuân Hợp, Tp Thủ Đức, Phường An Phú, Quận 2, Thành Phố Hồ Chí Minh",YEAH1 x 1PRO x TECHCOMBANK,YEAH1,music,800000,https://ticketbox.vn/concert-anh-trai-vuot-ngan-chong-gai-day7-day8-24505,data_ticketbox\images\24505_CONCERT_ENCORE_ANH_TRAI_VƯỢT_NGÀN_CHÔNG_GAI_DAY7_DAY8.png
24149,SUPERFEST 2025 - Concert Mùa Hè Rực Sáng,3,https://salt.tkbcdn.com/ts/ds/15/73/d9/4015f9950de6cc37d24d75acd5109d25.png,2025-10-17T12:30:00Z,2025-10-17T16:30:00Z,VinPalace - Sân Bắc - Trung tâm Triển lãm Việt Nam (VEC),"3VQ8+24C, Xã Đông Hội, Huyện Đông Anh, Thành Phố Hà Nội",Vi21 MEDIA,CÔNG TY CỔ PHẦN SỰ KIỆN VÀ TRUYỀN THÔNG VIỆT 21 (Vi21 MEDIA),music,800000,https://ticketbox.vn/concert-superfest-20225-24149,data_ticketbox\images\24149_SUPERFEST_2025_-_Concert_Mùa_Hè_Rực_Sáng.png
23310,[CONCERT THÁNG 12] ANH TRAI VƯỢT NGÀN CHÔNG GAI,3,https://salt.tkbcdn.com/ts/ds/0a/d4/73/9c523642a23c045cfbd374825f5c96fc.jpg,2024-12-14T11:00:00Z,2024-12-14T15:00:00Z,VINHOMES OCEAN PARK 3,"Vinhomes Ocean Park 3, Xã Nghĩa Trụ, Huyện Văn Giang, Tỉnh Hưng Yên",Techcombank x YeaH1 Group x 1Production ,Techcombank x YeaH1 Group x 1Production,music,800000,https://ticketbox.vn/concert-thang-12-anh-trai-vuot-ngan-chong-gai-23310,data_ticketbox\images\23310_CONCERT_THÁNG_12_ANH_TRAI_VƯỢT_NGÀN_CHÔNG_GAI.jpg
22981,[Đà Nẵng] Những Thành Phố Mơ Màng Year End 2024,3,https://salt.tkbcdn.com/ts/ds/cd/5e/61/df391f3476fbdae8ae9026dba07c8ad6.png,2024-11-30T08:00:00Z,2024-11-30T15:30:00Z,Vòng Quay Sun Wheel (Mặt Trời),"1 Phan Đăng Lưu, Phường Hòa Cường Bắc, Quận Hải Châu, Thành Phố Đà Nẵng",Những Thành Phố Mơ Màng,"&#34;Những Thành Phố Mơ Màng&#34; là chuỗi sự kiện âm nhạc độc đáo tại Việt Nam, nơi hội tụ nhiều nghệ sĩ với phong cách đa dạng. Chúng tôi tạo nên không gian âm nhạc đầy màu sắc, mang lại sự kết nối sâu sắc giữa nghệ sĩ và khán giả, cũng như giữa các cư dân trong cùng thành phố. Với sứ mệnh lan tỏa giá trị văn hóa Việt và gắn kết người trẻ qua âm nhạc, chúng tôi không chỉ tổ chức sự kiện, mà còn là sợi dây kết nối cảm xúc đầy ý nghĩa qua từng giai điệu.
",music,599000,https://ticketbox.vn/da-nang-nhung-thanh-pho-mo-mang-2024-22981,data_ticketbox\images\22981_Đà_Nẵng_Những_Thành_Phố_Mơ_Màng_Year_End_2024.png
25556,[Dốc Mộng Mơ] HER CONCERT,3,https://salt.tkbcdn.com/ts/ds/65/f6/a5/64ac748d33484ad1aade4c1e6dede3e6.jpg,2026-03-07T12:00:00Z,2026-03-07T15:30:00Z,Cung Điền Kinh Mỹ Đình,"Phố Trần Hữu Dực, Cầu Diễn, Phường Từ Liêm, Thành phố Hà Nội",Dốc Mộng Mơ,"Dốc Mộng Mơ - điểm hẹn âm nhạc và nghệ thuật.
📍Một thương hiệu thuộc Benjii Group",music,590000,https://ticketbox.vn/doc-mong-mo-her-concert-25556,data_ticketbox\images\25556_Dốc_Mộng_Mơ_HER_CONCERT.jpg
24595,[Dốc Mộng Mơ] Mơ Màng Men Say - Bùi Công Nam - Quang Hùng Master D - Tăng Phúc,3,https://salt.tkbcdn.com/ts/ds/af/c7/8d/f64c570a834bc93890068a6ddcfaca38.png,2025-09-20T12:30:00Z,2025-09-20T15:00:00Z,Bảo Tàng Hà Nội,"đường Phạm Hùng, Phường Mễ Trì, Quận Nam Từ Liêm, Thành Phố Hà Nội",Dốc Mộng Mơ,Dốc Mộng Mơ,music,600000,https://ticketbox.vn/doc-mong-mo-mo-mang-men-say-bui-cong-nam-quang-hung-master-d-tang-phuc-24595,data_ticketbox\images\24595_Dốc_Mộng_Mơ_Mơ_Màng_Men_Say_-_Bùi_Công_Nam_-_Quang_Hùng_Master_D_-_Tăng_Phúc.png
26071,[Dốc Mộng Mơ] Starlight - Quốc Thiên,3,https://salt.tkbcdn.com/ts/ds/e9/1b/cd/5b5f9c6cbfb467be21ed4aeed8819425.jpg,2026-06-06T12:30:00Z,2026-06-06T15:00:00Z,Trung Tâm Nghệ Thuật Âu Cơ,"8 Huỳnh Thúc Kháng, Phường Giảng Võ, Thành phố Hà Nội",Dốc Mộng Mơ,Dốc Mộng Mơ - điểm hẹn âm nhạc và nghệ thuật. Một thương hiệu thuộc BenJii Group,music,1050000,https://ticketbox.vn/doc-mong-mo-starlight-quoc-thien-26071,data_ticketbox\images\26071_Dốc_Mộng_Mơ_Starlight_-_Quốc_Thiên.jpg
24645,"EM XINH "" SAY HI"" CONCERT - ĐÊM 1",3,https://salt.tkbcdn.com/ts/ds/f5/b9/1b/d3dc896b42999f4e0a12c8ecd08fde2f.jpg,2025-09-13T05:00:00Z,2025-09-13T16:00:00Z,Khu đô thị Vạn Phúc,"Khu đô thị Vạn Phúc, Phường Hiệp Bình Phước, Quận Thủ Đức, Thành Phố Hồ Chí Minh",VieChannel,VieChannel: Đơn vị sản xuất,music,800000,https://ticketbox.vn/em-xinh-say-hi-concert-dem-1-24645,data_ticketbox\images\24645_EM_XINH_SAY_HI_CONCERT_-_ĐÊM_1.jpg
24917,"EM XINH ""SAY HI"" CONCERT - ĐÊM 2",3,https://salt.tkbcdn.com/ts/ds/90/37/6e/cfa9510b1f648451290e0cf57b6fd548.jpg,2025-10-11T05:00:00Z,2025-10-11T16:00:00Z,Sân Vận Động Quốc Gia Mỹ Đình,"Số 1 Lê Đức Thọ, Phường Mỹ Đình 1, Quận Nam Từ Liêm, Thành Phố Hà Nội",Vie Channel,VieChannel: Đơn vị sản xuất,music,800000,https://ticketbox.vn/em-xinh-say-hi-concert-dem-2-24917,data_ticketbox\images\24917_EM_XINH_SAY_HI_CONCERT_-_ĐÊM_2.jpg
25787,EXO PLANET #6 - EXhOrizon in HO CHI MINH CITY,3,https://salt.tkbcdn.com/ts/ds/62/e4/3a/a6addcde8ec3cc27a492e97a77ef9360.png,2026-04-25T11:30:00Z,2026-04-25T13:30:00Z,SECC NGOÀI TRỜI (TRUNG TÂM HỘI CHỢ VÀ TRIỂN LÃM SÀI GÒN),"799 Đường Nguyễn Văn Linh, Phường Tân Mỹ, Thành phố Hồ Chí Minh",TJ COMMUNICATIONS,"With 10+ years of experience, TJ Communications specializes in delivering high-quality, large-scale productions. Our portfolio includes some of the most notable events that have shaped our reputation. We specialize in organizing international-standard productions, especially those inspired by South Korea, ensuring smooth operations and impactful experiences.",music,3000000,https://ticketbox.vn/exo-planet-6-exhorizon-in-ho-chi-minh-city-25787,data_ticketbox\images\25787_EXO_PLANET_6_-_EXhOrizon_in_HO_CHI_MINH_CITY.png
25844,FORESTIVAL | CHIẾN BINH BÌNH MINH 2026,3,https://salt.tkbcdn.com/ts/ds/1d/76/0a/92e5cd05b44a5c9b40f675b1b2e15153.jpg,2026-05-30T10:00:00Z,2026-05-30T14:00:00Z,Quảng trường Bình Minh - Ninh Bình,"Quảng trường Bình Minh, Phường Tây Hoa Lư, Tỉnh Ninh Bình",VIET VISION,VIET VISION COMMUNICATION – ENTERTAINMENT – CREATIVE JSC,music,900000,https://ticketbox.vn/forestival-2026-25844,data_ticketbox\images\25844_FORESTIVAL_CHIẾN_BINH_BÌNH_MINH_2026.jpg
25933,2026 FREEN FAN MEETING IN VIETNAM - 'One Fine Day',3,https://salt.tkbcdn.com/ts/ds/41/63/e6/d5245bd80472228fbcd10298b48d8d04.jpg,2026-05-30T07:00:00Z,2026-05-30T08:30:00Z,Nhà Hát Bến Thành,"6 Mạc Đĩnh Chi, Phường Sài Gòn, Thành phố Hồ Chí Minh",DO CONCERT,DO CONCERT,others,3000000,https://ticketbox.vn/freen-one-fine-day-in-vietnam-25933,data_ticketbox\images\25933_2026_FREEN_FAN_MEETING_IN_VIETNAM_-_One_Fine_Day.jpg
25671,GAI HOME CONCERT,3,https://salt.tkbcdn.com/ts/ds/74/ca/18/173014220d7b30fb44d26955187b13e9.png,2026-04-26T11:30:00Z,2026-04-26T16:59:00Z,VINHOMES OCEAN PARK 3,"Vinhomes Ocean Park 3, Xã Nghĩa Trụ, Tỉnh Hưng Yên",YEAH1 x 1PRODUCTION x TECHCOMBANK,YEAH1 X 1PRODUCTION x TECHCOMBANK,music,1000000,https://ticketbox.vn/gai-home-concert-25671,data_ticketbox\images\25671_GAI_HOME_CONCERT.png
26060,'GIỮA MỘT VẠN TOUR' - PHÙNG KHÁNH LINH | CHAPTER 3: LIVE EXPERIENCE IN HÀ NỘI,3,https://salt.tkbcdn.com/ts/ds/31/08/08/91679d2bd0ebcae1c7184955ef96d7b8.png,2026-08-08T12:00:00Z,2026-08-08T15:00:00Z,TRUNG TÂM HỘI NGHỊ QUỐC GIA,"Số 57 Đường Phạm Hùng, Phường Từ Liêm, Thành phố Hà Nội",BLACK SWAN LABEL,GIỮA MỘT VẠN TOUR - CHAPTER THREE: LIVE EXPERIANCE IN HA NOI,music,860000,https://ticketbox.vn/giua-mot-van-tour-phung-khanh-linh-n3-26060,data_ticketbox\images\26060_GIỮA_MỘT_VẠN_TOUR_-_PHÙNG_KHÁNH_LINH_CHAPTER_3_LIVE_EXPERIENCE_IN_HÀ_NỘI.png
26094,[Hà Nội] CHUỖI LỚP YOGA: TRỞ VỀ VỚI YOGA NGUYÊN BẢN,3,https://salt.tkbcdn.com/ts/ds/3b/e0/3a/79a7044c72fb0bf097eb5a10dac3056a.png,2026-06-21T01:15:00Z,2026-06-21T11:45:00Z,California Fitness and Yoga Royal City,"72 Đường Nguyễn Trãi, Phường Thanh Xuân, Thành phố Hà Nội",California Fitness and Yoga,"Thương hiệu thể hình và chăm sóc sức khỏe đầu tiên và lớn nhất tại Việt Nam. Được thành lập
từ năm 2007, với hơn 18 năm kinh nghiệm, thương hiệu đã và đang phục vụ hơn 250.000 hội
viên và mang đến 12.000.000 lượt tập luyện mỗi năm. ​
Với hơn 30 câu lạc bộ trải dài khắp cả nước, California không chỉ là một phòng Gym, mà còn là
điểm đến phong cách sống, nơi hội viên trải nghiệm đa dạng các bộ môn Yoga, Pilates,
GroupX, HYROX kết hợp thư giãn phục hồi chuyên sâu.",seminarsworkshops,350000,https://ticketbox.vn/ha-noi-chuoi-lop-yoga-tro-ve-voi-yoga-nguyen-ban-26094,data_ticketbox\images\26094_Hà_Nội_CHUỖI_LỚP_YOGA_TRỞ_VỀ_VỚI_YOGA_NGUYÊN_BẢN.png
22983,[Hà Nội] Những Thành Phố Mơ Màng Year End 2024,3,https://salt.tkbcdn.com/ts/ds/6c/9c/a2/71b17526f06274ffa63d9f5f1041f938.png,2024-12-21T07:00:00Z,2024-12-21T15:30:00Z,Công Viên Yên Sở,"QL1A Công Viên, Phường Yên Sở, Quận Hoàng Mai, Thành Phố Hà Nội",Những Thành Phố Mơ Màng,"&#34;Những Thành Phố Mơ Màng&#34; là chuỗi sự kiện âm nhạc độc đáo tại Việt Nam, nơi hội tụ nhiều nghệ sĩ với phong cách đa dạng. Chúng tôi tạo nên không gian âm nhạc đầy màu sắc, mang lại sự kết nối sâu sắc giữa nghệ sĩ và khán giả, cũng như giữa các cư dân trong cùng thành phố. Với sứ mệnh lan tỏa giá trị văn hóa Việt và gắn kết người trẻ qua âm nhạc, chúng tôi không chỉ tổ chức sự kiện, mà còn là sợi dây kết nối cảm xúc đầy ý nghĩa qua từng giai điệu.",music,599000,https://ticketbox.vn/ha-noi-nhung-thanh-pho-mo-mang-2024-22983,data_ticketbox\images\22983_Hà_Nội_Những_Thành_Phố_Mơ_Màng_Year_End_2024.png
23770,[Hà Nội] Những Thành Phố Mơ Màng Summer 2025,3,https://salt.tkbcdn.com/ts/ds/fa/be/7e/1f3f4fc0c0e3f2ced62df0ff67d6a4a8.png,2025-06-01T09:00:00Z,2025-06-01T15:30:00Z,Công Viên Yên Sở (ngoài trời),"Quốc Lộ 1A, Gamuda Central, Phường Yên Sở, Quận Hoàng Mai, Thành Phố Hà Nội",Những Thành Phố Mơ Màng,"&#34;Những Thành Phố Mơ Màng&#34; là chuỗi sự kiện âm nhạc độc đáo tại Việt Nam, nơi hội tụ nhiều nghệ sĩ với phong cách đa dạng. Chúng tôi tạo nên không gian âm nhạc đầy màu sắc, mang lại sự kết nối sâu sắc giữa nghệ sĩ và khán giả, cũng như giữa các cư dân trong cùng thành phố. Với sứ mệnh lan tỏa giá trị văn hóa Việt và gắn kết người trẻ qua âm nhạc, chúng tôi không chỉ tổ chức sự kiện, mà còn là sợi dây kết nối cảm xúc đầy ý nghĩa qua từng giai điệu.",music,620000,https://ticketbox.vn/ha-noi-nhung-thanh-pho-mo-mang-summer-2025-23770,data_ticketbox\images\23770_Hà_Nội_Những_Thành_Phố_Mơ_Màng_Summer_2025.png
25006,[Hà Nội] Những Thành Phố Mơ Màng Year End 2025,3,https://salt.tkbcdn.com/ts/ds/5a/61/b5/e53e4918b659c615f522d78fa6e7d250.png,2025-12-21T08:30:00Z,2025-12-21T15:00:00Z,Công Viên Yên Sở (ngoài trời),"QL1A Gamuda Central, Phường Yên Sở, Quận Hoàng Mai, Thành Phố Hà Nội",Những Thành Phố Mơ Màng,"&#34;Những Thành Phố Mơ Màng&#34; là chuỗi sự kiện âm nhạc độc đáo tại Việt Nam, nơi hội tụ nhiều nghệ sĩ với phong cách đa dạng. Chúng tôi tạo nên không gian âm nhạc đầy màu sắc, mang lại sự kết nối sâu sắc giữa nghệ sĩ và khán giả, cũng như giữa các cư dân trong cùng thành phố. Với sứ mệnh lan tỏa giá trị văn hóa Việt và gắn kết người trẻ qua âm nhạc, chúng tôi không chỉ tổ chức sự kiện, mà còn là sợi dây kết nối cảm xúc đầy ý nghĩa qua từng giai điệu.",music,620000,https://ticketbox.vn/hanoi-nhung-thanh-pho-mo-mang-year-end-2025-25006,data_ticketbox\images\25006_Hà_Nội_Những_Thành_Phố_Mơ_Màng_Year_End_2025.png
25963,Nhà Hát Kịch IDECAF: NXNX37 - Học Viện Phép Thuật,3,https://salt.tkbcdn.com/ts/ds/6e/ab/b4/0f6935c65156a20082bc6b7b4456389c.jpg,2026-06-20T09:00:00Z,2026-08-02T12:00:00Z,Nhà Hát Bến Thành,"Số 06 Mạc  Đĩnh Chi, Phường Sài Gòn, Thành phố Hồ Chí Minh",Công Ty TNHH Sân Khấu - Nghệ Thuật Thái Dương,Nhà Hát Kịch IDECAF,theatersandart,250000,https://ticketbox.vn/hoc-vien-phep-thuat-nxnx37-25963,data_ticketbox\images\25963_Nhà_Hát_Kịch_IDECAF_NXNX37_-_Học_Viện_Phép_Thuật.jpg
25859,Nhà Hát Kịch IDECAF: Dưới Bóng Giai Nhân,3,https://salt.tkbcdn.com/ts/ds/e9/76/b4/2e8fe2916b6237e6676f7acbb382b260.jpg,2026-05-10T12:00:00Z,2026-05-10T15:00:00Z,Sân Khấu Nhà Thiếu Nhi TP.HCM,"Số 04 Tú Xương, Phường Xuân Hòa, Thành phố Hồ Chí Minh",Công Ty TNHH Sân Khấu - Nghệ Thuật Thái Dương,Nhà Hát Kịch IDECAF ,theatersandart,300000,https://ticketbox.vn/idecaf-duoi-bong-giai-nhan-25859,data_ticketbox\images\25859_Nhà_Hát_Kịch_IDECAF_Dưới_Bóng_Giai_Nhân.jpg
25876,[L'amour Nights] KẺ SAY TÌNH 50 NĂM VỀ SAU - Quốc Thiên & khách mời Nguyễn Đình Tuấn Dũng,3,https://salt.tkbcdn.com/ts/ds/64/06/d3/dfb6369fd60411173992ac5eccc8f907.jpg,2026-06-27T13:00:00Z,2026-06-27T15:00:00Z,"Cung Xuân - Số 1 Võ Thị Sáu, Bạch Mai, Hai Bà Trưng, Hà Nội","Số 1 Võ Thị Sáu, Bạch Mai, Phường Hai Bà Trưng, Thành phố Hà Nội",L'amour Nights ,"Thương hiệu live concert, nơi những đêm nhạc được tạo nên một cách tinh tế và trọn vẹn. ✨
",music,850000,https://ticketbox.vn/ke-say-tinh-50-nam-ve-sau-25876,data_ticketbox\images\25876_Lamour_Nights_KẺ_SAY_TÌNH_50_NĂM_VỀ_SAU_-_Quốc_Thiên_khách_mời_Nguyễn_Đình_Tuấn_Dũng.jpg
25748,[Nhà Hát Kịch Thanh Niên] Hài Kịch: Đại Hội Yêu Quái - 7 Con Yêu Nhền Nhện,3,https://salt.tkbcdn.com/ts/ds/88/e2/26/921b29e67158c9ccd7a382d422b796d1.jpg,2026-03-21T12:00:00Z,2026-03-21T15:00:00Z,Sân Khấu Nhà Thiếu Nhi TP.HCM,"Số 04 Tú Xương, Phường Xuân Hòa, Thành phố Hồ Chí Minh",Công Ty TNHH Sân Khấu - Nghệ Thuật Thái Dương,Nhà Hát Thanh Niên,theatersandart,350000,https://ticketbox.vn/kich-7-con-nhen-nhen-25748,data_ticketbox\images\25748_Nhà_Hát_Kịch_Thanh_Niên_Hài_Kịch_Đại_Hội_Yêu_Quái_-_7_Con_Yêu_Nhền_Nhện.jpg
9137,[Nhà Hát THANH NIÊN] Hài Kịch: Đại Hội Yêu Quái - 7 Con Yêu Nhền Nhện,3,https://salt.tkbcdn.com/ts/ds/88/e2/26/921b29e67158c9ccd7a382d422b796d1.jpg,2026-02-25T13:00:00Z,2026-02-25T16:00:00Z,Nhà Văn hoá Thanh niên Thành phố Hồ Chí Minh,"4 Phạm Ngọc Thạch, Bến Nghé, Phường Bến Nghé, Quận 1, Thành Phố Hồ Chí Minh",Công Ty TNHH Sân Khấu - Nghệ Thuật Thái Dương,Nhà Hát Thanh Niên,theatersandart,300000,https://ticketbox.vn/kich-7-yeu-nhen-nhen-89240,data_ticketbox\images\9137_Nhà_Hát_THANH_NIÊN_Hài_Kịch_Đại_Hội_Yêu_Quái_-_7_Con_Yêu_Nhền_Nhện.jpg
1217,Nhà Hát Kịch IDECAF: Một Ngày Làm VUA,3,https://salt.tkbcdn.com/ts/ds/91/b9/5d/a578b2c026cca352e492ee05c25604f6.jpg,2026-05-23T12:30:00Z,2026-05-23T15:30:00Z,Sân khấu kịch Idecaf,"Số 28 Lê Thánh Tôn, Phường Bến Thành, Thành phố Hồ Chí Minh",Công Ty TNHH Sân Khấu - Nghệ Thuật Thái Dương,Nhà Hát Kịch IDECAF,theatersandart,300000,https://ticketbox.vn/kich-idecaf-mot-ngay-lam-vua-88098,data_ticketbox\images\1217_Nhà_Hát_Kịch_IDECAF_Một_Ngày_Làm_VUA.jpg
9100,Nhà Hát Kịch IDECAF: TẤM CÁM ĐẠI CHIẾN!,3,https://salt.tkbcdn.com/ts/ds/12/c5/75/d09af12e58cebe049ce432dcf109e26b.jpg,2026-06-25T12:30:00Z,2026-06-25T15:30:00Z,Nhà Hát Kịch IDECAF,"Số 28 Lê Thánh Tôn., Phường Sài Gòn, Thành phố Hồ Chí Minh",Công Ty TNHH Sân Khấu - Nghệ Thuật Thái Dương,Nhà Hát Kịch IDECAF,theatersandart,300000,https://ticketbox.vn/kich-idecaf-tam-cam-dai-chien-89239,data_ticketbox\images\9100_Nhà_Hát_Kịch_IDECAF_TẤM_CÁM_ĐẠI_CHIẾN.jpg
837,[Nhà Hát THANH NIÊN] Hài kịch: Lạc lối ở BangKok,3,https://salt.tkbcdn.com/ts/ds/95/f1/84/fb9b1a3c124667a331c383898328121f.jpg,2026-03-01T13:00:00Z,2026-03-01T16:00:00Z,Nhà Văn hoá Thanh niên Thành phố Hồ Chí Minh,"4 Phạm Ngọc Thạch, Bến Nghé, Phường Bến Nghé, Quận 1, Thành Phố Hồ Chí Minh",Công Ty TNHH Sân Khấu - Nghệ Thuật Thái Dương,Nhà Hát Thanh Niên,theatersandart,300000,https://ticketbox.vn/kich-lac-loi-o-bangkok-88119,data_ticketbox\images\837_Nhà_Hát_THANH_NIÊN_Hài_kịch_Lạc_lối_ở_BangKok.jpg
25750,[Nhà Hát Kịch IDECAF] Đức Thượng Công Tả Quân LÊ VĂN DUYỆT,3,https://salt.tkbcdn.com/ts/ds/c5/98/c8/c05ab41ca42f7c41bb7fc720518259db.jpg,2026-05-17T12:00:00Z,2026-05-17T15:00:00Z,Sân Khấu Nhà Thiếu Nhi TP.HCM,"Số 04 Tú Xương, Phường Xuân Hòa, Thành phố Hồ Chí Minh",Công Ty TNHH Sân Khấu - Nghệ Thuật Thái Dương,Nhà Hát Kịch IDECAF,theatersandart,300000,https://ticketbox.vn/kich-lich-su-duc-thuong-le-van-duyet-25750,data_ticketbox\images\25750_Nhà_Hát_Kịch_IDECAF_Đức_Thượng_Công_Tả_Quân_LÊ_VĂN_DUYỆT.jpg
912,[Nhà Hát THANH NIÊN] Hài kịch: Thanh Xà Bạch Xà ngoại truyện,3,https://salt.tkbcdn.com/ts/ds/72/00/b4/c3ee374b63d5baf3d0a27b18d13e99ce.jpg,2025-12-21T13:00:00Z,2025-12-21T16:00:00Z,Nhà Văn hoá Thanh niên Thành phố Hồ Chí Minh,"4 Phạm Ngọc Thạch, Bến Nghé, Quận 1, Thành Phố Hồ Chí Minh",Công Ty TNHH Sân Khấu - Nghệ Thuật Thái Dương,Nhà Hát Thanh Niên,theatersandart,250000,https://ticketbox.vn/kich-thanh-xa-bach-xa-86983,data_ticketbox\images\912_Nhà_Hát_THANH_NIÊN_Hài_kịch_Thanh_Xà_Bạch_Xà_ngoại_truyện.jpg
25061,LULULOLA SHOW TĂNG PHÚC | MONG MANH NỖI ĐAU,3,https://salt.tkbcdn.com/ts/ds/0f/f1/68/b57f2a3ecd1a9e516e8d1587c34fcc6e.png,2025-12-13T10:30:00Z,2025-12-13T12:30:00Z,Lululola,"Đường 3/4, Đồi Cà Ri Dê, Phường 3, Thành Phố Đà Lạt, Tỉnh Lâm Đồng",Lululola,"Đường 3/4, Đồi Cà Ri Dê, Phường 3, Thành phố Đà Lạt",music,570000,https://ticketbox.vn/lululola-show-tang-phuc-mong-manh-noi-dau-25061,data_ticketbox\images\25061_LULULOLA_SHOW_TĂNG_PHÚC_MONG_MANH_NỖI_ĐAU.png
25747,[CAT&MOUSE] MICROWAVE + SUBROTHERS BAND,3,https://salt.tkbcdn.com/ts/ds/3f/08/df/c2cd3fbab0c0623776382adfd1daa4c2.png,2026-03-29T13:00:00Z,2026-03-29T16:00:00Z,Cat&Mouse Live Music,"37B Phạm Ngọc Thạch, Phường Xuân Hòa, Thành phố Hồ Chí Minh",Cat&Mouse Live Music,Phòng trà Cat&amp;Mouse Live Music,music,300000,https://ticketbox.vn/microwave-subrothers-25747,data_ticketbox\images\25747_CATMOUSE_MICROWAVE_SUBROTHERS_BAND.png
25689,[Nhà Hát Bến Thành] Hài kịch: Đảo Hoa Hậu,3,https://salt.tkbcdn.com/ts/ds/df/73/58/48093f2ebde108ffb8ae51fe702b1fcb.jpg,2026-06-25T12:30:00Z,2026-06-25T16:00:00Z,Nhà Hát Bến Thành,"Số 6 Mạc Đĩnh Chi., Phường Sài Gòn, Thành phố Hồ Chí Minh",Công Ty TNHH Sân Khấu - Nghệ Thuật Thái Dương,Nhà Hát Kịch Thanh Niên,theatersandart,350000,https://ticketbox.vn/nha-hat-ben-thanh-dao-hoa-hau-25689,data_ticketbox\images\25689_Nhà_Hát_Bến_Thành_Hài_kịch_Đảo_Hoa_Hậu.jpg
22797,Nhà Hát Kịch IDECAF: 12 Bà Mụ,3,https://salt.tkbcdn.com/ts/ds/7c/18/6f/b32013793b1dbda15606e1cca4ab40ac.jpg,2026-06-05T12:30:00Z,2026-06-05T15:30:00Z,Nhà Hát Kịch IDECAF,"Số 28 Lê Thánh Tôn, Phường Bến Nghé, Quận 1, Thành Phố Hồ Chí Minh",Công Ty TNHH Sân Khấu - Nghệ Thuật Thái Dương,Nhà Hát Kịch IDECAF,theatersandart,300000,https://ticketbox.vn/nha-hat-kich-idecaf-12-ba-mu-22797,data_ticketbox\images\22797_Nhà_Hát_Kịch_IDECAF_12_Bà_Mụ.jpg
24907,Nhà Hát Kịch IDECAF: Hồn Ai Nấy Giữ,3,https://salt.tkbcdn.com/ts/ds/39/6e/28/325cda4a104fdc0ccb1b5c1d464927a8.jpg,2026-06-12T12:30:00Z,2026-06-12T15:30:00Z,Nhà Hát Kịch IDECAF,"Số 28 Lê Thánh Tôn., Phường Bến Nghé, Quận 1, Thành Phố Hồ Chí Minh",Công Ty TNHH Sân Khấu - Nghệ Thuật Thái Dương,Nhà Hát Kịch IDECAF,theatersandart,300000,https://ticketbox.vn/nha-hat-kich-idecaf-hon-ai-nay-giu-24907,data_ticketbox\images\24907_Nhà_Hát_Kịch_IDECAF_Hồn_Ai_Nấy_Giữ.jpg
25541,Nhà Hát Kịch IDECAF: Làng Vô Tặc,3,https://salt.tkbcdn.com/ts/ds/db/d9/6b/7ef0f96eb6bc673df8fd0a7163f1a640.jpg,2026-06-18T12:30:00Z,2026-06-18T14:30:00Z,Nhà Hát Kịch IDECAF,"Số 28 Lê Thánh Tôn., Phường Bến Nghé, Quận 1, Thành Phố Hồ Chí Minh",Công Ty TNHH Sân Khấu - Nghệ Thuật Thái Dương,Nhà Hát Kịch IDECAF,theatersandart,300000,https://ticketbox.vn/nha-hat-kich-idecaf-lang-vo-tac-25541,data_ticketbox\images\25541_Nhà_Hát_Kịch_IDECAF_Làng_Vô_Tặc.jpg
25784,Nhà Hát Kịch IDECAF: Lệ Chi Viên (Bí Mật Vườn Lệ Chi),3,https://salt.tkbcdn.com/ts/ds/9f/e4/84/0cc19559f3d83057be3f8da9313c6cf9.jpg,2026-06-19T12:30:00Z,2026-06-19T15:30:00Z,Sân Khấu Nhà Thiếu Nhi TP.HCM,"Số 04 Tú Xương, Phường Xuân Hòa, Thành phố Hồ Chí Minh",Công Ty TNHH Sân Khấu - Nghệ Thuật Thái Dương,Nhà Hát Kịch IDECAF,theatersandart,300000,https://ticketbox.vn/nha-hat-kich-idecaf-le-chi-vien-25784,data_ticketbox\images\25784_Nhà_Hát_Kịch_IDECAF_Lệ_Chi_Viên_Bí_Mật_Vườn_Lệ_Chi.jpg
23517,Nhà Hát Kịch IDECAF: LƯƠNG SƠN BÁ CHÚC ANH ĐÀI ngoại truyện,3,https://salt.tkbcdn.com/ts/ds/37/91/af/f7ed4a8aab4b70aca5094934d25ef374.jpg,2026-06-26T12:30:00Z,2026-06-26T15:30:00Z,Nhà Hát Kịch IDECAF,"Số 28 Lê Thánh Tôn, Phường Bến Nghé, Quận 1, Thành Phố Hồ Chí Minh",Công Ty TNHH Sân Khấu - Nghệ Thuật Thái Dương,Nhà Hát Kịch IDECAF,theatersandart,300000,https://ticketbox.vn/nha-hat-kich-idecaf-luong-son-ba-chuc-anh-dai-23517,data_ticketbox\images\23517_Nhà_Hát_Kịch_IDECAF_LƯƠNG_SƠN_BÁ_CHÚC_ANH_ĐÀI_ngoại_truyện.jpg
25692,[Nhà hát kịch Thanh Niên] Hài kịch: Lạc Lối Ở BangKok,3,https://salt.tkbcdn.com/ts/ds/0d/bb/cb/44798c2f51c26d682035f76a3bc03ba5.jpg,2026-04-18T12:00:00Z,2026-04-18T15:00:00Z,Sân Khấu Nhà Thiếu Nhi TP.HCM,"Số 04 Tú Xương, Phường Xuân Hòa, Thành phố Hồ Chí Minh",Công Ty TNHH Sân Khấu - Nghệ Thuật Thái Dương,Nhà Hát Kịch Thanh Niên,theatersandart,350000,https://ticketbox.vn/nha-hat-kich-thanh-nien-lac-loi-o-bangkok-25692,data_ticketbox\images\25692_Nhà_hát_kịch_Thanh_Niên_Hài_kịch_Lạc_Lối_Ở_BangKok.jpg
24436,[Nhà Hát Kịch Thanh Niên] Hài kịch: Nữ Hoàng Giải Trí,3,https://salt.tkbcdn.com/ts/ds/e8/8b/ce/63f194114700ddefc08d93389daea035.jpg,2026-06-24T12:00:00Z,2026-06-24T14:00:00Z,Sân Khấu Nhà Thiếu Nhi TP.HCM,"Sân Khấu Nhà Thiếu Nhi TP.HCM, Phường Xuân Hòa, Thành phố Hồ Chí Minh",Công Ty TNHH Sân Khấu - Nghệ Thuật Thái Dương,Nhà Hát Kịch Thanh Niên,theatersandart,350000,https://ticketbox.vn/nha-hat-kich-thanh-nien-nu-hoang-giai-tri-24436,data_ticketbox\images\24436_Nhà_Hát_Kịch_Thanh_Niên_Hài_kịch_Nữ_Hoàng_Giải_Trí.jpg
25693,[Nhà hát kịch Thanh Niên] Hài kịch: Tung Hoành Pattaya,3,https://salt.tkbcdn.com/ts/ds/5d/56/58/c86cf8cf40fbba952fb5c31376e8486b.jpg,2026-06-14T12:00:00Z,2026-06-14T15:00:00Z,Sân Khấu Nhà Thiếu Nhi TP.HCM,"Số 04 Tú Xương, Phường Xuân Hòa, Thành phố Hồ Chí Minh",Công Ty TNHH Sân Khấu - Nghệ Thuật Thái Dương,Nhà Hát Kịch Thanh Niên,theatersandart,350000,https://ticketbox.vn/nha-hat-kich-thanh-nien-tung-hoanh-pattaya-25693,data_ticketbox\images\25693_Nhà_hát_kịch_Thanh_Niên_Hài_kịch_Tung_Hoành_Pattaya.jpg
24322,[Nhà hát Thanh Niên] Hài Kịch: Náo Loạn Tiếu Lâm Đường,3,https://salt.tkbcdn.com/ts/ds/e0/6c/75/8fcd63d1ac5c32be01e4ba46ba19cbf2.jpg,2025-08-31T13:00:00Z,2025-08-31T15:00:00Z,Nhà Hát Thanh Niên,"Số 4 Phạm Ngọc Thạch., Phường Bến Nghé, Quận 1, Thành Phố Hồ Chí Minh",Công Ty TNHH Sân Khấu - Nghệ Thuật Thái Dương,Nhà Hát Thanh Niên,theatersandart,250000,https://ticketbox.vn/nha-hat-thanh-nien-hai-kich-nao-loan-tieu-lam-duong-24322,data_ticketbox\images\24322_Nhà_hát_Thanh_Niên_Hài_Kịch_Náo_Loạn_Tiếu_Lâm_Đường.jpg
23581,[Nhà hát Thanh Niên] Hài Kịch: Tung Hoành Pattaya,3,https://salt.tkbcdn.com/ts/ds/5d/56/58/c86cf8cf40fbba952fb5c31376e8486b.jpg,2026-03-05T02:56:24.199244Z,2026-02-28T15:00:00Z,Nhà Văn Hóa Thanh Niên Hồ Chí Minh,"Số 4 Phạm Ngọc Thạch., Phường Bến Nghé, Quận 1, Thành Phố Hồ Chí Minh",Công Ty TNHH Sân Khấu - Nghệ Thuật Thái Dương,Nhà Hát Thanh Niên,theatersandart,250000,https://ticketbox.vn/nha-hat-thanh-nien-hai-kich-tung-hoanh-pattaya-23581,data_ticketbox\images\23581_Nhà_hát_Thanh_Niên_Hài_Kịch_Tung_Hoành_Pattaya.jpg
25746,[Hà Nội] Những Thành Phố Mơ Màng Summer 2026,3,https://salt.tkbcdn.com/ts/ds/9b/0d/4b/072152800382c4e950314ad8f5488fed.png,2026-07-12T09:00:00Z,2026-07-12T15:30:00Z,Sự  kiện ngoài trời,"Sự kiện ngoài trời, Thành phố Hà Nội",Những Thành Phố Mơ Màng,"Những Thành Phố Mơ Màng là chuỗi sự kiện âm nhạc độc đáo tại Việt Nam, nơi hội tụ nhiều nghệ sĩ với phong cách đa dạng. Chúng tôi tạo nên không gian âm nhạc đầy màu sắc, mang lại sự kết nối sâu sắc giữa nghệ sĩ và khán giả, cũng như giữa các cư dân trong cùng thành phố. Với sứ mệnh lan tỏa giá trị văn hóa Việt và gắn kết người trẻ qua âm nhạc, chúng tôi không chỉ tổ chức sự kiện, mà còn là sợi dây kết nối cảm xúc đầy ý nghĩa qua từng giai điệu.",music,449000,https://ticketbox.vn/nhung-thanh-pho-mo-mang-summer-hanoi-2026-25746,data_ticketbox\images\25746_Hà_Nội_Những_Thành_Phố_Mơ_Màng_Summer_2026.png
22402,[Hà Nội] Những Thành Phố Mơ Màng Summer Tour 2024,3,https://salt.tkbcdn.com/ts/ds/a0/37/5e/2db1319230e01ee3e519dbd1a34c6fcf.jpg,2024-07-06T08:19:00Z,2024-07-06T15:00:00Z,Cung Điền Kinh Mỹ Đình,"Đường Trần Hữu Dực, Phường Cầu Diễn, Quận Nam Từ Liêm, Thành Phố Hà Nội",Những Thành Phố Mơ Màng,Những Thành Phố Mơ Màng,music,389000,https://ticketbox.vn/ntpmm-ha-noi-22402,data_ticketbox\images\22402_Hà_Nội_Những_Thành_Phố_Mơ_Màng_Summer_Tour_2024.jpg
15104,[Sài Gòn] Những Thành Phố Mơ Màng Summer Tour 2024,3,https://salt.tkbcdn.com/ts/ds/9f/0b/d4/f19a8a171d730418077d310ff82e7224.jpg,2024-06-15T07:30:00Z,2024-06-15T15:30:00Z,Trung Tâm Hội Chợ Triển Lãm Sài Gòn SECC,"Việt Nam, Phường Tân Phú, Quận 7, Thành Phố Hồ Chí Minh",Những Thành Phố Mơ Màng,Những Thành Phố Mơ Màng,music,0,https://ticketbox.vn/ntpmmhochiminh-2024-89509-89509,data_ticketbox\images\15104_Sài_Gòn_Những_Thành_Phố_Mơ_Màng_Summer_Tour_2024.jpg
25920,Private Quốc Thiên in Fantasy Show,3,https://salt.tkbcdn.com/ts/ds/16/a8/16/ef791a9d178968d9ecb8a88ad3d8a903.jpg,2026-05-16T13:00:00Z,2026-05-16T15:00:00Z,Nhà Hát Âu Cơ,"Số 8 Huỳnh Thúc Kháng, Phường Giảng Võ, Thành phố Hà Nội",Anh Dũng Media & Entertaiment,Fantasy Show,music,800000,https://ticketbox.vn/private-quoc-thien-in-fantasy-show-25920,data_ticketbox\images\25920_Private_Quốc_Thiên_in_Fantasy_Show.jpg
25564,Quốc Thiên - Hẹn Nhau Trong Giấc Mơ,3,https://salt.tkbcdn.com/ts/ds/a2/ee/aa/b5e59e74398a0bfc67ae513ae186c205.jpg,2026-02-28T10:30:00Z,2026-02-28T13:00:00Z,"Tầng thượng Golden Sun Hotel - Dalat, 01 Bà Huyện Thanh Quan, Phường Xuân Hương ","1, Phường 1, Tỉnh Lâm Đồng",La Maritza Show ,Không gian của âm nhạc - nơi nghệ sĩ và khán giả hòa nhịp trong những đêm diễn đầy cảm xúc,music,700000,https://ticketbox.vn/quoc-thien-hen-nhau-trong-giac-mo-25564,data_ticketbox\images\25564_Quốc_Thiên_-_Hẹn_Nhau_Trong_Giấc_Mơ.jpg
25457,RHYMASTIC & YC OFFICIAL MERCHAINDISE COLLECTION,3,https://salt.tkbcdn.com/ts/ds/e9/01/34/f6c2780c78c6674b3b1d2093d5181ff4.png,2025-12-21T16:59:00Z,2025-12-21T17:00:00Z,,,SS LABEL,"SpaceSpeakers Label (SSL) là hãng thu âm hàng đầu Việt Nam, chuyên sản xuất, phát hành âm nhạc và quản lý nghệ sĩ. SSL được định vị là hãng thu âm chuyên nghiệp về thể loại pop, RNB, rap/hip hop, vận hành theo tiêu chuẩn quốc tế, trực thuộc SpaceSpeakers Group.
",others,200000,https://ticketbox.vn/rhymastic-yc-official-merchaindise-collection-25457,data_ticketbox\images\25457_RHYMASTIC_YC_OFFICIAL_MERCHAINDISE_COLLECTION.png
25055,RHYMASTIC's 1ST FAN MEETING IN HCMC: RHYMeeting,3,https://salt.tkbcdn.com/ts/ds/1c/ba/e7/d2af79b9a333877d27857a62135b3a6b.png,2025-10-19T08:00:00Z,2025-10-19T14:00:00Z,Nhà hát Bến Thành,"Số 6 Mạc Đỉnh Chi, Phường Bến Nghé, Quận 1, Thành Phố Hồ Chí Minh",SS LABEL,"SpaceSpeakers Label (SSL) là hãng thu âm hàng đầu Việt Nam, chuyên sản xuất, phát hành âm nhạc và quản lý nghệ sĩ. SSL được định vị là hãng thu âm chuyên nghiệp về thể loại pop, RNB, rap/hip hop, vận hành theo tiêu chuẩn quốc tế, trực thuộc SpaceSpeakers Group.",music,600000,https://ticketbox.vn/rhymeeting2025-25055,data_ticketbox\images\25055_RHYMASTICs_1ST_FAN_MEETING_IN_HCMC_RHYMeeting.png
24299,[River Flow In You] Tình Anh Bán Chiếu Hà Nội,3,https://salt.tkbcdn.com/ts/ds/18/78/97/dcb5e6b95b216b1b7f2c6672cc7f2cfb.jpg,2025-07-26T12:00:00Z,2025-07-26T15:00:00Z,Nhà Thi Đấu Thanh Trì,"673, Xã Ngọc Hồi, Huyện Thanh Trì, Thành Phố Hà Nội",RIVER FLOWS IN YOU,RIVER FLOWS IN YOU,music,850000,https://ticketbox.vn/river-flow-in-you-tinh-anh-ban-chieu-ha-noi-24299,data_ticketbox\images\24299_River_Flow_In_You_Tình_Anh_Bán_Chiếu_Hà_Nội.jpg
24694,"[RIVER FLOWS IN YOU] MINISHOW ""RESONANCE"" | TĂNG PHÚC",3,https://salt.tkbcdn.com/ts/ds/23/0e/8f/ab652ac969e998b59491454c55f870b2.png,2025-09-13T13:00:00Z,2025-09-13T15:30:00Z,"Thung lũng Hoa Hồ Tây - Tây Hồ, Hà Nội","Ngã 3 P. Nhật Chiêu, Phường Nhật Tân, Quận Tây Hồ, Thành Phố Hà Nội",River Flows In You,River Flows In You,music,750000,https://ticketbox.vn/river-flows-in-you-minishow-resonance-tang-phuc-24694,data_ticketbox\images\24694_RIVER_FLOWS_IN_YOU_MINISHOW_RESONANCE_TĂNG_PHÚC.png
22982,[TP.HCM] Những Thành Phố Mơ Màng Year End 2024,3,https://salt.tkbcdn.com/ts/ds/9e/ab/87/cf3513a86027d31026f5be1e866895c3.png,2024-12-08T08:00:00Z,2024-12-08T15:30:00Z,Sân Vận Động Phú Thọ (ngoài trời),"2 Lê Đại Hành, Phường 09, Quận 11, Thành Phố Hồ Chí Minh",Những Thành Phố Mơ Màng,"&#34;Những Thành Phố Mơ Màng&#34; là chuỗi sự kiện âm nhạc độc đáo tại Việt Nam, nơi hội tụ nhiều nghệ sĩ với phong cách đa dạng. Chúng tôi tạo nên không gian âm nhạc đầy màu sắc, mang lại sự kết nối sâu sắc giữa nghệ sĩ và khán giả, cũng như giữa các cư dân trong cùng thành phố. Với sứ mệnh lan tỏa giá trị văn hóa Việt và gắn kết người trẻ qua âm nhạc, chúng tôi không chỉ tổ chức sự kiện, mà còn là sợi dây kết nối cảm xúc đầy ý nghĩa qua từng giai điệu.",music,599000,https://ticketbox.vn/sai-gon-nhung-thanh-pho-mo-mang-2024-22982,data_ticketbox\images\22982_TPHCM_Những_Thành_Phố_Mơ_Màng_Year_End_2024.png
26143,2026 SEO IN GUK FANMEETING TOUR  in Vietnam,3,https://salt.tkbcdn.com/ts/ds/f8/cd/d1/dfe7b30dbadf530f2346f45891d5e673.jpg,2026-07-11T11:00:00Z,2026-07-11T13:00:00Z,Nguyễn Du Gymnasium,"116 Nguyễn Du, Phường Bến Thành, Thành phố Hồ Chí Minh",KingChaos,KingChaos,others,2500000,https://ticketbox.vn/seo-in-guk-fanmeeting-vietnam-26143,data_ticketbox\images\26143_2026_SEO_IN_GUK_FANMEETING_TOUR_in_Vietnam.jpg
24050,BOF DEBUT SHOWCASE,3,https://salt.tkbcdn.com/ts/ds/27/f7/40/745c65a46ab0c5540ff9306eee4322ca.jpg,2025-06-01T12:00:00Z,2025-06-01T16:00:00Z,The Global City,"Đỗ Xuân Hợp, Phường An Phú, Quận 2, Thành Phố Hồ Chí Minh",1LABEL,B.O.F Debut Showcase,music,500000,https://ticketbox.vn/show-case-bof-24050,data_ticketbox\images\24050_BOF_DEBUT_SHOWCASE.jpg
25687,J-UNZIP | Jun Phạm Showcase 2026,3,https://salt.tkbcdn.com/ts/ds/98/09/23/416da03b5d44d25a3ea9d62f138203a2.png,2026-03-28T11:00:00Z,2026-03-28T15:00:00Z,Nhà Thi Đấu Hồ Xuân Hương,"2 Hồ Xuân Hương, Phường Xuân Hòa, Thành phố Hồ Chí Minh",Kaizen Production,Kaizen Production,others,724000,https://ticketbox.vn/showcase-j-unzip-25687,data_ticketbox\images\25687_J-UNZIP_Jun_Phạm_Showcase_2026.png
25762,[HÀ NỘI] SLAY,3,https://salt.tkbcdn.com/ts/ds/0d/f6/60/d6722de4650d93d531c088ae38ee8ce1.jpg,2026-04-19T13:00:00Z,2026-04-19T16:00:00Z,SOL8 LIVE STAGE,"Số 8 Nguyễn Công Hoan, Thành phố Hà Nội",Dinh Luu Media,Dinh Luu Media,music,1600000,https://ticketbox.vn/slay-ha-noi-25762,data_ticketbox\images\25762_HÀ_NỘI_SLAY.jpg
23834,SOOBIN 2025 FAN MEETING IN HANOI - PROMise: To My KINGDOM,3,https://salt.tkbcdn.com/ts/ds/0d/11/3c/5d655048eb14e2692ae5d074f615475f.jpg,2025-04-06T08:00:00Z,2025-04-06T15:00:00Z,Nhà thi đấu Tây Hồ,"101 Xuân La, Phường Xuân La, Quận Tây Hồ, Thành Phố Hà Nội",SS LABEL,"SpaceSpeakers Label (SSL) là hãng thu âm hàng đầu Việt Nam, chuyên sản xuất, phát hành âm nhạc và quản lý nghệ sĩ. SSL được định vị là hãng thu âm chuyên nghiệp về thể loại pop, RNB, rap/hip hop, vận hành theo tiêu chuẩn quốc tế, trực thuộc SpaceSpeakers Group.",music,300000,https://ticketbox.vn/soobin-2025-fan-meeting-in-hanoi-promise-to-my-kingdom-23834,data_ticketbox\images\23834_SOOBIN_2025_FAN_MEETING_IN_HANOI_-_PROMise_To_My_KINGDOM.jpg
25100,SOOBIN LIVE CONCERT: ALL-ROUNDER THE FINAL,3,https://salt.tkbcdn.com/ts/ds/9c/9e/c1/2edd538cb4df21a0d13f95588cb44dc4.png,2025-11-29T13:00:00Z,2025-11-29T16:00:00Z,THE GLOBAL CITY,"Đường Đỗ Xuân Hợp, TP.Thủ Đức, Phường An Phú, Quận 2, Thành Phố Hồ Chí Minh",SS LABEL,"SpaceSpeakers Label (SSL) là hãng thu âm hàng đầu Việt Nam, chuyên sản xuất, phát hành âm nhạc và quản lý nghệ sĩ. SSL được định vị là hãng thu âm chuyên nghiệp về thể loại pop, RNB, rap/hip hop, vận hành theo tiêu chuẩn quốc tế, trực thuộc SpaceSpeakers Group.",music,800000,https://ticketbox.vn/soobin-all-rounder-25100,data_ticketbox\images\25100_SOOBIN_LIVE_CONCERT_ALL-ROUNDER_THE_FINAL.png
23348,2024 SOOBIN Fan Meeting In HCMC: PROMise,3,https://salt.tkbcdn.com/ts/ds/6e/0c/af/7d24dc88c6955aa0caeca421046956ad.jpg,2024-12-04T08:00:00Z,2024-12-04T14:00:00Z,Nhà hát Bến Thành,"Số 6 Mạc Đỉnh Chi, Phường Bến Nghé, Quận 1, Thành Phố Hồ Chí Minh",SS LABEL,"SpaceSpeakers Label (SSL) là hãng thu âm hàng đầu Việt Nam, chuyên sản xuất, phát hành âm nhạc và quản lý nghệ sĩ. SSL được định vị là hãng thu âm chuyên nghiệp về thể loại pop, RNB, rap/hip hop, vận hành theo tiêu chuẩn quốc tế, trực thuộc SpaceSpeakers Group.",music,600000,https://ticketbox.vn/soobin-fan-meeting-in-hcm-promise-23348,data_ticketbox\images\23348_2024_SOOBIN_Fan_Meeting_In_HCMC_PROMise.jpg
24082,"SOOBIN LIVE CONCERT: ""ALL-ROUNDER""",3,https://salt.tkbcdn.com/ts/ds/f1/00/57/b6df83ec56f75aab2634e0b23cc67e58.jpg,2025-05-27T12:00:00Z,2025-05-27T16:00:00Z,Cung Điền Kinh Mỹ Đình,"P.Trần Hữu Dực, Phường Cầu Diễn, Quận Nam Từ Liêm, Thành Phố Hà Nội",SS LABEL,"SpaceSpeakers Label (SSL) là hãng thu âm hàng đầu Việt Nam, chuyên sản xuất, phát hành âm nhạc và quản lý nghệ sĩ. SSL được định vị là hãng thu âm chuyên nghiệp về thể loại pop, RNB, rap/hip hop, vận hành theo tiêu chuẩn quốc tế, trực thuộc SpaceSpeakers Group.",music,800000,https://ticketbox.vn/soobin-live-concert-all-rounder-24082,data_ticketbox\images\24082_SOOBIN_LIVE_CONCERT_ALL-ROUNDER.jpg
24347,[2nd Launch] SOOBIN LIVE CONCERT: ALL-ROUNDER | OFFICIAL MERCHANDISE COLLECTION,3,https://salt.tkbcdn.com/ts/ds/c6/2d/af/5164cf8339ff62ba0cca174a231250af.png,2025-06-23T17:00:00Z,2025-07-06T17:00:00Z,Cung Điền Kinh Mỹ Đình,"P.Trần Hữu Dực, Phường Cầu Diễn, Quận Nam Từ Liêm, Thành Phố Hà Nội",SS LABEL,"SpaceSpeakers Label (SSL) là hãng thu âm hàng đầu Việt Nam, chuyên sản xuất, phát hành âm nhạc và quản lý nghệ sĩ. SSL được định vị là hãng thu âm chuyên nghiệp về thể loại pop, RNB, rap/hip hop, vận hành theo tiêu chuẩn quốc tế, trực thuộc SpaceSpeakers Group.",others,1299000,https://ticketbox.vn/soobin-live-concert-all-rounder-official-merchandise-collection-2nd-24347,data_ticketbox\images\24347_2nd_Launch_SOOBIN_LIVE_CONCERT_ALL-ROUNDER_OFFICIAL_MERCHANDISE_COLLECTION.png
24068,SOOBIN LIVE CONCERT: ALL-ROUNDER | OFFICIAL MERCHANDISE COLLECTION,3,https://salt.tkbcdn.com/ts/ds/51/97/71/eaa750312c72f4b926428d258c960ede.png,2025-05-05T11:00:00Z,2025-05-20T16:00:00Z,Cung Điền Kinh Mỹ Đình,"P.Trần Hữu Dực, Phường Cầu Diễn, Quận Nam Từ Liêm, Thành Phố Hà Nội",SS LABEL,"SpaceSpeakers Label (SSL) là hãng thu âm hàng đầu Việt Nam, chuyên sản xuất, phát hành âm nhạc và quản lý nghệ sĩ. SSL được định vị là hãng thu âm chuyên nghiệp về thể loại pop, RNB, rap/hip hop, vận hành theo tiêu chuẩn quốc tế, trực thuộc SpaceSpeakers Group.",others,259000,https://ticketbox.vn/soobin-official-merchandise-all-rounder-concert-2025-24068,data_ticketbox\images\24068_SOOBIN_LIVE_CONCERT_ALL-ROUNDER_OFFICIAL_MERCHANDISE_COLLECTION.png
26102,SpaceSpeakers Label Fan Meeting: OFF SPACE,3,https://salt.tkbcdn.com/ts/ds/b4/d2/94/01a7d5d7af26b11363d4d0ad6a4bf2c6.png,2026-06-13T12:00:00Z,2026-06-13T15:00:00Z,Nhà hát Hòa Bình,"240 đường Ba Tháng Hai, Phường Hòa Hưng, Thành phố Hồ Chí Minh", SS LABEL,"SpaceSpeakers Label (SSL) là hãng thu âm hàng đầu Việt Nam, chuyên sản xuất, phát hành âm nhạc và quản lý nghệ sĩ. SSL được định vị là hãng thu âm chuyên nghiệp về thể loại pop, RNB, rap/hip hop, vận hành theo tiêu chuẩn quốc tế, trực thuộc SpaceSpeakers Group.",others,1000000,https://ticketbox.vn/spacespeakers-label-fan-meeting-off-space-26102,data_ticketbox\images\26102_SpaceSpeakers_Label_Fan_Meeting_OFF_SPACE.png
24853,SUBICHA MERCHANDISE COLLECTION,3,https://salt.tkbcdn.com/ts/ds/c8/14/ee/c7309f2991beab5310911603aca35c4c.jpg,2025-10-01T05:00:00Z,2026-12-31T13:00:00Z,TKB Venue,,Subicha,"Subicha là nhân viên bắt vé của Ticketbox, Subicha có ước mơ trở thành ca sĩ, hãy ủng hộ Subicha ",others,60000,https://ticketbox.vn/subicha-merchandise-vutruconcert-24853,data_ticketbox\images\24853_SUBICHA_MERCHANDISE_COLLECTION.jpg
25896,SUN SONG - THE NEW BEGINNING | TĂNG PHÚC MINI CONCERT,3,https://salt.tkbcdn.com/ts/ds/2f/8c/40/7cf56be8bdb6bf21db0f4a71595c50bb.jpeg,2026-06-06T13:00:00Z,2026-06-06T16:00:00Z,Nhà Thi Đấu Nguyễn Du,"116 Nguyễn Du, Thành phố Hồ Chí Minh",Dinh Luu Media,Dinh Luu Media,music,888000,https://ticketbox.vn/sun-song-miniliveshow-tang-phuc-25896,data_ticketbox\images\25896_SUN_SONG_-_THE_NEW_BEGINNING_TĂNG_PHÚC_MINI_CONCERT.jpeg
25471,SUPER JUNIOR 20th Anniversary TOUR  in HO CHI MINH CITY,3,https://salt.tkbcdn.com/ts/ds/4c/33/45/0e36aee3253a98d8bbc82d8ad2462722.png,2026-03-21T10:30:00Z,2026-03-21T12:30:00Z,SECC NGOÀI TRỜI (TRUNG TÂM HỘI CHỢ VÀ TRIỂN LÃM SÀI GÒN),"799 Đường Nguyễn Văn Linh, Phường Tân Phong, Quận 7, Thành Phố Hồ Chí Minh",TJ COMMUNICATIONS,"With 10+ years of experience, TJ Communications specializes in delivering high-quality, large-scale productions. Our portfolio includes some of the most notable events that have shaped our reputation. We specialize in organizing international-standard productions, especially those inspired by South Korea, ensuring smooth operations and impactful experiences.",music,2200000,https://ticketbox.vn/super-junior-20th-anniversary-tour-in-ho-chi-minh-city-25471,data_ticketbox\images\25471_SUPER_JUNIOR_20th_Anniversary_TOUR_in_HO_CHI_MINH_CITY.png
25646,TOKYO GIRLS COLLECTION VIETNAM 2026 (CONCERT),3,https://salt.tkbcdn.com/ts/ds/40/15/6a/e931051952f26e34af8cad59294f6ecc.jpg,2026-03-29T11:00:00Z,2026-03-29T15:30:00Z,Vạn Phúc City," KDT Vạn Phúc, Phường Hiệp Bình, Thành phố Hồ Chí Minh",POPS,"POPS – Đơn vị Giải trí Kỹ thuật số hàng đầu Đông Nam Á
Được thành lập từ năm 2007, POPS là đơn vị tiên phong và dẫn đầu trong lĩnh vực giải trí kỹ thuật số tại Việt Nam và khu vực. Sở hữu hệ sinh thái nội dung đa dạng từ Âm nhạc, Giải trí, Anime/Comics đến Giáo dục thiếu nhi (POPS Kids), POPS hiện là đối tác chiến lược của hàng nghìn nhà sáng tạo nội dung và các thương hiệu lớn toàn cầu.",music,390000,https://ticketbox.vn/tgc-vietnam-2026-25646,data_ticketbox\images\25646_TOKYO_GIRLS_COLLECTION_VIETNAM_2026_CONCERT.jpg
26116,[LIVE CONCERT] THANH ÂM MÙA HẠ,3,https://salt.tkbcdn.com/ts/ds/29/26/68/513a120d9148be57bc8ce51e54a0dd70.png,2026-05-30T13:00:00Z,2026-05-30T15:00:00Z,Cung Văn Hóa Lao Động Hữu Nghị Việt - Xô,"91, Trần Hưng Đạo, Phường Cửa Nam, Thành phố Hà Nội",BLUE AQUARIUM,Touching Emotions - Creating Value,music,0,https://ticketbox.vn/thanh-am-mua-ha-concert-26116,data_ticketbox\images\26116_LIVE_CONCERT_THANH_ÂM_MÙA_HẠ.png
25167,TÔI! NGƯỜI VIỆT NAM,3,https://salt.tkbcdn.com/ts/ds/9f/d4/a6/a6702c85cf506a04adabf144138b5da6.jpg,2025-10-29T13:30:00Z,2025-10-29T16:00:00Z,Nhà Thi Đấu Nguyễn Du,"116 Nguyễn Du, Phường Bến Thành, Thành Phố Hồ Chí Minh",An Thuận Media,An Thuận Media,music,800000,https://ticketbox.vn/toi-nguoi-viet-nam-25167,data_ticketbox\images\25167_TÔI_NGƯỜI_VIỆT_NAM.jpg
25951,TOP UP PACKAGE - 2026 FREEN FAN MEETING IN VIETNAM - 'One Fine Day' ,3,https://salt.tkbcdn.com/ts/ds/41/63/e6/d5245bd80472228fbcd10298b48d8d04.jpg,2026-05-30T07:00:00Z,2026-05-30T08:30:00Z,Nhà Hát Bến Thành,"6 Mạc Đĩnh Chi, Phường Sài Gòn, Thành phố Hồ Chí Minh",DO CONCERT,DO CONCERT,others,4000000,https://ticketbox.vn/top-up-package-freen-one-day-in-vietnam-25951,data_ticketbox\images\25951_TOP_UP_PACKAGE_-_2026_FREEN_FAN_MEETING_IN_VIETNAM_-_One_Fine_Day.jpg
23769,[TP.HCM - NTPMM] Những Thành Phố Mơ Màng Summer 2025,3,https://salt.tkbcdn.com/ts/ds/b6/02/ed/a6f87365f34869c1804091c46ae83dd9.png,2025-06-28T09:00:00Z,2025-06-28T15:30:00Z,Sân Vận Động Phú Thọ (ngoài trời),"2-4 Lê Đại Hành, Phường 15, Quận 11, Thành Phố Hồ Chí Minh",Những Thành Phố Mơ Màng,"&#34;Những Thành Phố Mơ Màng&#34; là chuỗi sự kiện âm nhạc độc đáo tại Việt Nam, nơi hội tụ nhiều nghệ sĩ với phong cách đa dạng. Chúng tôi tạo nên không gian âm nhạc đầy màu sắc, mang lại sự kết nối sâu sắc giữa nghệ sĩ và khán giả, cũng như giữa các cư dân trong cùng thành phố. Với sứ mệnh lan tỏa giá trị văn hóa Việt và gắn kết người trẻ qua âm nhạc, chúng tôi không chỉ tổ chức sự kiện, mà còn là sợi dây kết nối cảm xúc đầy ý nghĩa qua từng giai điệu.",music,0,https://ticketbox.vn/tphcm-nhung-thanh-pho-mo-mang-summer-2025-23769,data_ticketbox\images\23769_TPHCM_-_NTPMM_Những_Thành_Phố_Mơ_Màng_Summer_2025.png
25007,[TP.HCM] Những Thành Phố Mơ Màng Year End 2025,3,https://salt.tkbcdn.com/ts/ds/0b/33/eb/bb617e7114d5c9477701f872776e397b.png,2025-12-07T08:30:00Z,2025-12-07T15:00:00Z,SECC (ngoài trời),"799 Nguyễn Văn Linh, Phường Tân Phú, Quận 7, Thành Phố Hồ Chí Minh",Những Thành Phố Mơ Màng,"&#34;Những Thành Phố Mơ Màng&#34; là chuỗi sự kiện âm nhạc độc đáo tại Việt Nam, nơi hội tụ nhiều nghệ sĩ với phong cách đa dạng. Chúng tôi tạo nên không gian âm nhạc đầy màu sắc, mang lại sự kết nối sâu sắc giữa nghệ sĩ và khán giả, cũng như giữa các cư dân trong cùng thành phố. Với sứ mệnh lan tỏa giá trị văn hóa Việt và gắn kết người trẻ qua âm nhạc, chúng tôi không chỉ tổ chức sự kiện, mà còn là sợi dây kết nối cảm xúc đầy ý nghĩa qua từng giai điệu.",music,620000,https://ticketbox.vn/tphcm-nhung-thanh-pho-mo-mang-year-end-2025-25007,data_ticketbox\images\25007_TPHCM_Những_Thành_Phố_Mơ_Màng_Year_End_2025.png
25841,[DELODELO SHOW] TRẠM YÊU CONCERT 4 | BĂNG QUA ĐẠI DƯƠNG,3,https://salt.tkbcdn.com/ts/ds/6b/50/1c/edca39451e8851155a0232b86027588b.jpeg,2026-04-04T12:30:00Z,2026-04-04T15:30:00Z,Sân khấu ngoài trời - TTTM The LINC," Khu đô thị Park City Hà Nội, Lê Trọng Tấn, Dương Nội, Hà Nội, Thành phố Hà Nội",DeloDelo Show,"DeloDeloShow là đơn vị tổ chức nghệ thuật với mong muốn đưa khán giả của mình đến với những trải nghiệm âm nhạc khác biệt, đầy tính nghệ thuật, làm chạm tới tất cả các giác quan và cảm xúc của người nghe... Với những không gian thưởng thức âm nhạc ngoài trời ngay tại HN hay liveshow/concert indoor setup kịch bản hấp dẫn, sân khấu thiết kế chuyên nghiệp, hoành tráng đặc biệt với sự góp mặt của các ca sĩ tên tuổi, được yêu mến hot hit nhất chắc chắn sẽ tạo nên một đêm nhạc khó quên trong lòng khán",music,800000,https://ticketbox.vn/tram-yeu-4-bang-qua-dai-duong-25841,data_ticketbox\images\25841_DELODELO_SHOW_TRẠM_YÊU_CONCERT_4_BĂNG_QUA_ĐẠI_DƯƠNG.jpeg
24531,"""TRẠM YÊU - CHẠM YÊU"" CONCERT",3,https://salt.tkbcdn.com/ts/ds/03/07/15/4590463db6fce3adb448b859c3226147.png,2025-08-23T12:30:00Z,2025-08-23T16:00:00Z,Cung Thể thao Điền Kinh,"P.Trần Hữu Dực, Phường Cầu Diễn, Quận Nam Từ Liêm, Thành Phố Hà Nội",DeloDelo Show,DeloDelo Show,music,800000,https://ticketbox.vn/tram-yeu-cham-yeu-concert-24531,data_ticketbox\images\24531_TRẠM_YÊU_-_CHẠM_YÊU_CONCERT.png
25083,[DELODELO SHOW] TRẠM YÊU - YÊU LẠI TỪ ĐẦU,3,https://salt.tkbcdn.com/ts/ds/a4/6f/fb/e9e1a2dcd64cdf480f2c56d1b25c7077.jpeg,2026-01-11T12:30:00Z,2026-01-11T15:30:00Z,Cung Điền Kinh Mỹ Đình,"Trần Hữu Dực, Mỹ Đình, Phường Cầu Diễn, Quận Nam Từ Liêm, Thành Phố Hà Nội",DeloDelo Show,"DeloDeloShow là đơn vị tổ chức nghệ thuật với mong muốn đưa khán giả của mình đến với những trải nghiệm âm nhạc khác biệt, đầy tính nghệ thuật, làm chạm tới tất cả các giác quan và cảm xúc của người nghe... Với những không gian thưởng thức âm nhạc ngoài trời ngay tại HN hay liveshow/concert indoor setup kịch bản hấp dẫn, sân khấu thiết kế chuyên nghiệp, hoành tráng đặc biệt với sự góp mặt của các ca sĩ tên tuổi, được yêu mến hot hit nhất chắc chắn sẽ tạo nên một đêm nhạc khó quên trong lòng khán",music,800000,https://ticketbox.vn/tram-yeu-yeu-lai-tu-dau-25083,data_ticketbox\images\25083_DELODELO_SHOW_TRẠM_YÊU_-_YÊU_LẠI_TỪ_ĐẦU.jpeg
26084,[BẾN THÀNH] Đêm nhạc Văn Mai Hương - Vương Bình,3,https://salt.tkbcdn.com/ts/ds/99/3b/21/71a486dc8e96077463da567d3ce9a301.jpeg,2026-06-19T13:00:00Z,2026-06-19T15:00:00Z,"Lầu 3, Nhà hát Bến Thành","Số 6 Mạc Đĩnh Chi, Phường Sài Gòn, Thành phố Hồ Chí Minh",Bến Thành,Updating...,music,300000,https://ticketbox.vn/van-mai-huong-vuong-binh-26084,data_ticketbox\images\26084_BẾN_THÀNH_Đêm_nhạc_Văn_Mai_Hương_-_Vương_Bình.jpeg
25119,Y-CONCERT BY YEAH1,3,https://salt.tkbcdn.com/ts/ds/8e/89/4c/407e32bba0e4d1651175680a2452954e.jpg,2025-12-20T07:00:00Z,2025-12-20T16:59:00Z,VINHOMES OCEAN PARK 3,"Vinhomes Ocean Park 3, Xã Nghĩa Trụ, Huyện Văn Giang, Tỉnh Hưng Yên",YEAH1 x 1PRODUCTION  x TECHCOMBANK x VISA,YEAH1 X 1PRODUCTION X TECHCOMBANK x VISA,music,800000,https://ticketbox.vn/y-concert-25119,data_ticketbox\images\25119_Y-CONCERT_BY_YEAH1.jpg
