source,source_organizer_id,display_name,description,logo_url,status
ticketbox,wanxing entertainment,WANXING ENTERTAINMENT,Updating,https://salt.tkbcdn.com/ts/ds/58/57/ae/b426026a444bf4574785340d10bc5c2a.png,pending
ticketbox,multimedia jsc,MULTIMEDIA JSC,"MULTIMEDIA JSC

Được thành lập vào năm 2005, Công ty Cổ phần Truyền thông Đa phương tiện Multimedia JSC đã nhanh chóng phát triển và trở thành một trong những công ty truyền thông và sản xuất chương trình truyền hình hàng đầu của Việt Nam. Với mạng lưới đối tác rộng khắp trên toàn cầu, Multimedia JSC đã và đang chứng minh vị thế, uy tín, chất lượng qua các chương trình do MultiMedia JSC sản xuất như: Vietnam’s Next Top Model, The Face Vietnam, Tuần Lễ Thời Trang Quốc Tế Việt Nam.",https://salt.tkbcdn.com/ts/ds/31/eb/f3/1ec0abde99aec9b8e5bb963e8e39e57d.png,pending
ticketbox,french chamber of commerce and industry in vietnam - ccifv,French Chamber of Commerce and Industry in Vietnam - CCIFV,"CCI France Vietnam (CCIFV) is the first French-Vietnamese business network. It is a non-profit association that brings together the vast majority of French organizations operating in Vietnam, along with numerous Vietnamese companies engaged in business with France.
CCIFV is part of the worldwide network of Chambers of Commerce and Industry France International (CCI France International), which brings together 120 chambers in 95 countries.",https://salt.tkbcdn.com/ts/ds/53/a4/af/3560b1dd50cea8557cd3696d4c6c89aa.png,pending
ticketbox,công ty tnhh wolf entertainment,CÔNG TY TNHH WOLF ENTERTAINMENT,"Chịu trách nhiệm sản xuất
CÔNG TY TNHH WOLF ENTERTAINMENT",https://salt.tkbcdn.com/ts/ds/dd/63/a7/21e78c5433a4e685524d7d3c2a851cf1.jpg,pending
ticketbox,vietnam sightseeing,VietNam Sightseeing,Đại lý Vé Xe Bus 2 tầng SightSeeing trải nghiệm Thành Phố cực đẹp từ trên cao.,https://salt.tkbcdn.com/ts/ds/8a/69/79/dca1d664f0cd935f2b94c4c25ee0fdad.png,pending
ticketbox,sân khấu quốc thảo,Sân Khấu Quốc Thảo,"Được thành lập vào năm 2017, biểu diễn nghệ thuật và đào tạo diễn viên",https://salt.tkbcdn.com/ts/ds/cd/b0/0e/2e92b064de902a04feab510e905a8505.jpg,pending
ticketbox,d'hoi - hoiana summer fest 2026,D'Hoi - Hoiana Summer Fest 2026,.,https://salt.tkbcdn.com/ts/ds/3d/02/7f/f04f7ebeda2b29eacd257790e822f845.png,pending
ticketbox,la maison du chocolat,La Maison Du Chocolat,"Bảo tàng La Maison du Chocolat được thành lập dựa trên mô hình kết hợp trưng bày – trải nghiệm – ẩm thực – thương mại, nhằm tạo ra một không gian văn hóa sống động thay vì một bảo tàng tĩnh truyền thống. Giới thiệu văn hóa cacao Việt Nam: Truyền tải câu chuyện về cacao Việt – từ thổ nhưỡng đến con người. Đặc biệt, bảo tàng chú trọng giáo dục chuyên sâu cho du khách nước ngoài, giúp họ hiểu rõ hành trình di sản của cây cacao Việt Nam trên bản đồ thế giới, từ những bước chân đầu tiên của giống cây",https://salt.tkbcdn.com/ts/ds/14/23/3c/5c647516c07806174a98e2a93e48e3a6.png,pending
ticketbox,the socialite,THE SOCIALITE,"THE SOCIALITE - ĐƠN VỊ TỔ CHỨC MINISHOW “YÊU NHAU NỬA NGÀY”
Đêm nhạc “Yêu Nhau Nửa Ngày” được thực hiện bởi The Socialite, đơn vị hoạt động trong lĩnh vực tổ chức sự kiện, giải trí và sản xuất các trải nghiệm nghệ thuật dành cho cộng đồng yêu âm nhạc.
Với định hướng mang đến những chương trình chỉn chu về cảm xúc và trải nghiệm, The Socialite mong muốn cùng LASONG tạo nên một đêm nhạc đáng nhớ tại Thanh Hóa trong mùa hè này.",https://salt.tkbcdn.com/ts/ds/84/9d/b4/08ed23a7c8597933e506f8553ecc628f.png,pending
ticketbox,absolute media,Absolute Media,"Absolute Media là đơn vị tổ chức sự kiện và sản xuất truyền thông hàng đầu. Cung cấp giải pháp toàn diện trong tổ chức sự kiện và sản xuất nội dung truyền thông, đảm bảo tính chuyên nghiệp, chính xác và sáng tạo từ giai đoạn ý tưởng đến hiện thực. 

Absolute Media là đơn vị tổ chức các sự kiện âm nhạc, giải trí nổi bật như Live Concert Giao Hưởng Mùa Yêu, League of Legends Esports, Festival Ninh Bình 2025,..",https://salt.tkbcdn.com/ts/ds/1b/b8/7d/abc02665de9f65025858109db51e1883.png,pending
ticketbox,regal group,REGAL GROUP,"Regal Group là thương hiệu bất động sản hạng sang hàng đầu Việt Nam, tiên phong kiến tạo những kiệt tác kiến trúc độc bản, hội tụ tinh hoa di sản văn hóa bản địa với chuẩn mực đẳng cấp quốc tế lần đầu tiên có mặt tại Việt Nam.",https://salt.tkbcdn.com/ts/ds/33/41/6c/49d942d71309ce6a8d7994d8680a4d11.png,pending
ticketbox,archer media,ARCHER MEDIA,ARCHER MEDIA,,pending
ticketbox,dolphin halong cruise,Dolphin HaLong Cruise,"Biểu tượng du thuyền giải trí all-in-one trong ngày đầu tiên trên Vịnh Hạ Long, tiên phong mang đến những trải nghiệm đẳng cấp, tinh tế và giàu cảm xúc.",https://salt.tkbcdn.com/ts/ds/17/7b/5a/10b53df60861ac54078aab8f01d35ed1.png,pending
ticketbox,công ty tnhh bóng rổ cần thơ,CÔNG TY TNHH BÓNG RỔ CẦN THƠ,"Thành lập năm 2016 tại Cần Thơ, Cantho Catfish là đội bóng rổ chuyên nghiệp mang đậm bản sắc miền Tây, với linh vật Cá Basa tượng trưng cho tinh thần mạnh mẽ, bền bỉ và khát vọng vươn lên. Sau 10 mùa giải VBA, đội khẳng định vị thế hàng đầu với 3 lần vào Chung kết liên tiếp giai đoạn 2017–2019 và chức vô địch năm 2018. Mùa 2024, Cantho Catfish trở lại ấn tượng với ngôi Á quân VBA và tiếp tục vào Playoffs mùa 2025 ở vị trí Top 3.",https://salt.tkbcdn.com/ts/ds/a0/74/e2/db9114aa16f6e7a0be9f07dd8da02552.png,pending
ticketbox,loa loa culture & dining show.,LOA LOA Culture & Dining Show.,LOA LOA Culture &amp; Dining Show.,https://salt.tkbcdn.com/ts/ds/52/96/f8/bc22a3795f870a5cad55d7c575818bd5.png,pending
ticketbox,1900 le théâtre,1900 Le Théâtre,"1900 Le Théâtre là điểm đến quen thuộc để giải trí cuối tuần, là nơi tụ tập của những người yêu nghệ thuật. Không chỉ nổi tiếng trong giới trẻ thủ đô, 1900 còn là thương hiệu nightlife thời thượng với các trang fan hâm mộ trên Facebook, Instagram, TikTok với hơn 800.000 người theo dõi, khẳng định vị trí số 1 ngành Nightlife tại Việt Nam. Năm 2023, 1900 đứng thứ 40 trong danh sách Top 100 Club của tạp chí nổi tiếng DJ Mag, là đại diện duy nhất của Việt Nam trong danh sách này.",https://salt.tkbcdn.com/ts/ds/17/0c/b8/9acac76726f960fe0a44cc3d0db6002d.png,pending
ticketbox,đối tác sản xuất của ssl,Đối tác sản xuất của SSL,Updating…,https://salt.tkbcdn.com/ts/ds/d3/3f/27/d4a5b91af873080d64f22a09ab32be31.png,pending
ticketbox,vinpearl,VINPEARL,The leading hospitality brand in Vietnam with luxury hotels &amp; resorts in Vietnam&#39;s top destinations.,https://salt.tkbcdn.com/ts/ds/35/19/a9/4ff3cf071708cf06f2ef2b0766f02317.jpg,pending
ticketbox,yeah1 group x 1production,YeaH1 Group x 1Production,YeaH1 Group x 1Production,https://salt.tkbcdn.com/ts/ds/cb/d4/0b/0c19b64ce39420126fe169f9ef7ab226.png,pending
ticketbox,yeah 1 x 1production,YEAH 1 x 1PRODUCTION,YEAH 1 x 1PRODUCTION,https://salt.tkbcdn.com/ts/ds/38/47/72/fc16e739c4bdc5206cda3f1c0162d22d.png,pending
ticketbox,city tết fest,City Tết Fest,City Tết Fest,https://salt.tkbcdn.com/ts/ds/1c/d7/2d/0dbc2ef466aaac52bb58b3d48f8d08c1.png,pending
ticketbox,yeah1 x 1pro x techcombank,YEAH1 x 1PRO x TECHCOMBANK,YEAH1,https://salt.tkbcdn.com/ts/ds/da/f1/43/e2a5dda831e58a5a9555082448c125f0.png,pending
ticketbox,vi21 media,Vi21 MEDIA,CÔNG TY CỔ PHẦN SỰ KIỆN VÀ TRUYỀN THÔNG VIỆT 21 (Vi21 MEDIA),https://salt.tkbcdn.com/ts/ds/59/70/88/7513220e7c6a4ec88e9cd788f7e8fa03.jpg,pending
ticketbox,techcombank x yeah1 group x 1production,Techcombank x YeaH1 Group x 1Production,Techcombank x YeaH1 Group x 1Production,https://salt.tkbcdn.com/ts/ds/da/f1/43/40478d0fe36de286f4b286609088d568.png,pending
ticketbox,dốc mộng mơ,Dốc Mộng Mơ,Dốc Mộng Mơ - điểm hẹn âm nhạc và nghệ thuật. Một thương hiệu thuộc BenJii Group,https://salt.tkbcdn.com/ts/ds/ce/93/29/5c3d246a0c66ac7c398758fb1062b3db.png,pending
ticketbox,viechannel,VieChannel,VieChannel: Đơn vị sản xuất,https://salt.tkbcdn.com/ts/ds/4c/d4/3b/d002a1011fe2ade59460341bd699f7a0.png,pending
ticketbox,vie channel,Vie Channel,VieChannel: Đơn vị sản xuất,https://salt.tkbcdn.com/ts/ds/4c/d4/3b/d002a1011fe2ade59460341bd699f7a0.png,pending
ticketbox,viet vision,VIET VISION,VIET VISION COMMUNICATION – ENTERTAINMENT – CREATIVE JSC,https://salt.tkbcdn.com/ts/ds/03/02/94/b5392da8ff03b7ce1f17f1914d0c50c7.png,pending
ticketbox,yeah1 x 1production x techcombank,YEAH1 x 1PRODUCTION x TECHCOMBANK,YEAH1 X 1PRODUCTION x TECHCOMBANK,https://salt.tkbcdn.com/ts/ds/ae/a0/1a/285e7820a4a407b2b853fe586d13b54f.png,pending
ticketbox,black swan label,BLACK SWAN LABEL,GIỮA MỘT VẠN TOUR - CHAPTER THREE: LIVE EXPERIANCE IN HA NOI,https://salt.tkbcdn.com/ts/ds/58/2f/c5/c8e12bd23f27e543f53b461ef363c4cb.png,pending
ticketbox,california fitness and yoga,California Fitness and Yoga,"Thương hiệu thể hình và chăm sóc sức khỏe đầu tiên và lớn nhất tại Việt Nam. Được thành lập
từ năm 2007, với hơn 18 năm kinh nghiệm, thương hiệu đã và đang phục vụ hơn 250.000 hội
viên và mang đến 12.000.000 lượt tập luyện mỗi năm. ​
Với hơn 30 câu lạc bộ trải dài khắp cả nước, California không chỉ là một phòng Gym, mà còn là
điểm đến phong cách sống, nơi hội viên trải nghiệm đa dạng các bộ môn Yoga, Pilates,
GroupX, HYROX kết hợp thư giãn phục hồi chuyên sâu.",https://salt.tkbcdn.com/ts/ds/7e/0e/07/f2ff927361de8e87ef428a4ca5ad367a.png,pending
ticketbox,l'amour nights,L'amour Nights,"Thương hiệu live concert, nơi những đêm nhạc được tạo nên một cách tinh tế và trọn vẹn. ✨",https://salt.tkbcdn.com/ts/ds/3a/c5/6f/f032443131cda1713a47c0ef586273cd.jpg,pending
ticketbox,lululola,Lululola,"Đường 3/4, Đồi Cà Ri Dê, Phường 3, Thành phố Đà Lạt",https://salt.tkbcdn.com/ts/ds/48/34/b6/c7157f3db375e6fe4a97f0c58c75258d.jpg,pending
ticketbox,cat&mouse live music,Cat&Mouse Live Music,Phòng trà Cat&amp;Mouse Live Music,https://salt.tkbcdn.com/ts/ds/b4/f7/5f/b8adf7cb8db8f82cd6ea6868c0bd4724.png,pending
ticketbox,nhà hát kịch idecaf,Nhà Hát Kịch IDECAF,Nhà Hát Kịch IDECAF,https://salt.tkbcdn.com/ts/ds/a1/25/48/730ba08211a09a6655bed78b3db72860.png,pending
ticketbox,công ty tnhh sân khấu - nghệ thuật thái dương,Công Ty TNHH Sân Khấu - Nghệ Thuật Thái Dương,Nhà Hát Thanh Niên,https://salt.tkbcdn.com/ts/ds/32/dc/57/5da1966559db2f8aa4ff58c64da64ce6.jpg,pending
ticketbox,anh dũng media & entertaiment,Anh Dũng Media & Entertaiment,Fantasy Show,https://salt.tkbcdn.com/ts/ds/f4/a5/ee/44e61ed2e9fa963fb9f029e2216a61f4.png,pending
ticketbox,la maritza show,La Maritza Show,Không gian của âm nhạc - nơi nghệ sĩ và khán giả hòa nhịp trong những đêm diễn đầy cảm xúc,https://salt.tkbcdn.com/ts/ds/0b/f5/fc/f02aae2f7bf0e44bde009f6e512225f6.jpg,pending
ticketbox,river flows in you,River Flows In You,River Flows In You,https://salt.tkbcdn.com/ts/ds/fa/c6/8a/22337db3b93fb97c6aaedc25fe70aff9.png,pending
ticketbox,kingchaos,KingChaos,KingChaos,,pending
ticketbox,1label,1LABEL,B.O.F Debut Showcase,https://salt.tkbcdn.com/ts/ds/87/d0/69/8bb02c736dfa4fe9869932d9ab565dd7.png,pending
ticketbox,kaizen production,Kaizen Production,Kaizen Production,https://salt.tkbcdn.com/ts/ds/53/5c/cd/4a266cb214cfdb6764d575ed1118f5df.jpg,pending
ticketbox,ss label,SS LABEL,"SpaceSpeakers Label (SSL) là hãng thu âm hàng đầu Việt Nam, chuyên sản xuất, phát hành âm nhạc và quản lý nghệ sĩ. SSL được định vị là hãng thu âm chuyên nghiệp về thể loại pop, RNB, rap/hip hop, vận hành theo tiêu chuẩn quốc tế, trực thuộc SpaceSpeakers Group.",https://salt.tkbcdn.com/ts/ds/2e/0e/9c/b84b4ecad8039a7fed841671bc6cedfd.png,pending
ticketbox,subicha,Subicha,"Subicha là nhân viên bắt vé của Ticketbox, Subicha có ước mơ trở thành ca sĩ, hãy ủng hộ Subicha",https://salt.tkbcdn.com/ts/ds/99/b8/6b/3ca2be1192cdb096cb7b3c79d6b2d819.png,pending
ticketbox,dinh luu media,Dinh Luu Media,Dinh Luu Media,https://salt.tkbcdn.com/ts/ds/15/1c/c9/21f6be80d81deb721904cd992560b17f.png,pending
ticketbox,tj communications,TJ COMMUNICATIONS,"With 10+ years of experience, TJ Communications specializes in delivering high-quality, large-scale productions. Our portfolio includes some of the most notable events that have shaped our reputation. We specialize in organizing international-standard productions, especially those inspired by South Korea, ensuring smooth operations and impactful experiences.",https://salt.tkbcdn.com/ts/ds/29/0f/5b/3d7997648014aa6f7a5c4c7fec1385bd.jpg,pending
ticketbox,pops,POPS,"POPS – Đơn vị Giải trí Kỹ thuật số hàng đầu Đông Nam Á
Được thành lập từ năm 2007, POPS là đơn vị tiên phong và dẫn đầu trong lĩnh vực giải trí kỹ thuật số tại Việt Nam và khu vực. Sở hữu hệ sinh thái nội dung đa dạng từ Âm nhạc, Giải trí, Anime/Comics đến Giáo dục thiếu nhi (POPS Kids), POPS hiện là đối tác chiến lược của hàng nghìn nhà sáng tạo nội dung và các thương hiệu lớn toàn cầu.",https://salt.tkbcdn.com/ts/ds/b2/10/be/a1c70a6a32b69251140bfa28539d3e33.jpg,pending
ticketbox,blue aquarium,BLUE AQUARIUM,Touching Emotions - Creating Value,https://salt.tkbcdn.com/ts/ds/bf/f7/61/4e0c128d1d75d9e0dad8503f37e5020f.png,pending
ticketbox,an thuận media,An Thuận Media,An Thuận Media,https://salt.tkbcdn.com/ts/ds/04/2c/34/664eb025e1aaec7dd55564c54e66c193.png,pending
ticketbox,do concert,DO CONCERT,DO CONCERT,https://salt.tkbcdn.com/ts/ds/2a/f2/0a/769306e8498b7cccbee725ffac819c76.jpg,pending
ticketbox,những thành phố mơ màng,Những Thành Phố Mơ Màng,"&#34;Những Thành Phố Mơ Màng&#34; là chuỗi sự kiện âm nhạc độc đáo tại Việt Nam, nơi hội tụ nhiều nghệ sĩ với phong cách đa dạng. Chúng tôi tạo nên không gian âm nhạc đầy màu sắc, mang lại sự kết nối sâu sắc giữa nghệ sĩ và khán giả, cũng như giữa các cư dân trong cùng thành phố. Với sứ mệnh lan tỏa giá trị văn hóa Việt và gắn kết người trẻ qua âm nhạc, chúng tôi không chỉ tổ chức sự kiện, mà còn là sợi dây kết nối cảm xúc đầy ý nghĩa qua từng giai điệu.",https://salt.tkbcdn.com/ts/ds/ea/6f/9c/a012e52f7228bd025408270365586a67.jpg,pending
ticketbox,delodelo show,DeloDelo Show,"DeloDeloShow là đơn vị tổ chức nghệ thuật với mong muốn đưa khán giả của mình đến với những trải nghiệm âm nhạc khác biệt, đầy tính nghệ thuật, làm chạm tới tất cả các giác quan và cảm xúc của người nghe... Với những không gian thưởng thức âm nhạc ngoài trời ngay tại HN hay liveshow/concert indoor setup kịch bản hấp dẫn, sân khấu thiết kế chuyên nghiệp, hoành tráng đặc biệt với sự góp mặt của các ca sĩ tên tuổi, được yêu mến hot hit nhất chắc chắn sẽ tạo nên một đêm nhạc khó quên trong lòng khán",https://salt.tkbcdn.com/ts/ds/ab/5f/ac/d15c52b3f1002bddb59c21a2e32a7dfe.png,pending
ticketbox,bến thành,Bến Thành,Updating...,https://salt.tkbcdn.com/ts/ds/24/d1/f2/cf885ec204097331bf086cd3e2bbcc9b.jpg,pending
ticketbox,yeah1 x 1production  x techcombank x visa,YEAH1 x 1PRODUCTION  x TECHCOMBANK x VISA,YEAH1 X 1PRODUCTION X TECHCOMBANK x VISA,https://salt.tkbcdn.com/ts/ds/8e/04/37/1ddfc085fb9a5139065d63507f544d86.jpg,pending
